"ID","Gemeinde_color","Ja_Stimmen_In_Prozent","Nein_Stimmen_In_Prozent","Gemeinde_fr","Text_fr"
301,64.9,64.9,35.1,"Aarberg (BE)","A Aarberg, les habitants sont favorables à l'initiative pour le versement d'une 13e rente AVS avec 64,9 pour cent des suffrages. Aarberg a approuvé l'initiative, contrairement à son canton."
302,93.3,93.3,6.7,"Bargen (BE)","Les électeurs de Bargen (BE) valident l'initiative pour le versement d'une 13e rente AVS avec 93,3 pour cent des voix. Bargen (BE) a approuvé l'initiative, contrairement à son canton."
303,28.6,28.6,71.4,"Grossaffoltern (BE)","A Grossaffoltern, les habitants disent non à 71,4 pour cent à l'initiative pour le versement d'une 13e rente AVS. Grossaffoltern a rejeté l'initiative, tout comme son canton."
304,61.1,61.1,38.9,"Kallnach (BE)","C'est oui à 61,1 pour cent à l'initiative pour le versement d'une 13e rente AVS à Kallnach. Kallnach a approuvé l'initiative, contrairement à son canton."
305,53.3,53.3,46.7,"Kappelen (BE)","Les électeurs de Kappelen valident l'initiative pour le versement d'une 13e rente AVS avec 53,3 pour cent des voix. Kappelen a approuvé l'initiative, contrairement à son canton."
306,39.7,39.7,60.3,"Lyss (BE)","Les habitants de Lyss rejettent l'initiative pour le versement d'une 13e rente AVS avec 60,3 pour cent de non. Lyss a rejeté l'initiative, tout comme son canton."
307,54.4,54.4,45.6,"Meikirch (BE)","Les habitants de Meikirch approuvent l'initiative pour le versement d'une 13e rente AVS avec 54,4 pour cent des voix. Meikirch a approuvé l'initiative, contrairement à son canton."
309,62,62,38,"Radelfingen (BE)","A Radelfingen, les habitants sont favorables à l'initiative pour le versement d'une 13e rente AVS avec 62 pour cent des suffrages. Radelfingen a approuvé l'initiative, contrairement à son canton."
310,18.7,18.7,81.3,"Rapperswil (BE)","Les habitants de Rapperswil (BE) rejettent l'initiative pour le versement d'une 13e rente AVS avec 81,3 pour cent de non. Rapperswil (BE) a rejeté l'initiative, tout comme son canton."
311,70.6,70.6,29.4,"Schüpfen (BE)","A Schüpfen, les habitants disent oui à 70,6 pour cent à l'initiative pour une 13 rente AVS. Schüpfen a approuvé l'initiative, contrairement à son canton."
312,1.5,1.5,98.5,"Seedorf (BE)","Les habitants de Seedorf (BE) s'opposent à l'initiative pour le versement d'une 13e rente AVS avec 98,5 pour cent de non. Seedorf (BE) a rejeté l'initiative, tout comme son canton."
321,49.3,49.3,50.7,"Aarwangen (BE)","L'initiative pour le versement d'une 13e rente AVS ne passe pas la rampe à Aarwangen avec 50,7 pour cent de non. Aarwangen a rejeté l'initiative, tout comme son canton."
322,67.4,67.4,32.6,"Auswil (BE)","C'est oui à 67,4 pour cent à l'initiative pour le versement d'une 13e rente AVS à Auswil. Auswil a approuvé l'initiative, contrairement à son canton."
323,98.6,98.6,1.4,"Bannwil (BE)","A Bannwil, les habitants sont favorables à l'initiative pour le versement d'une 13e rente AVS avec 98,6 pour cent des suffrages. Bannwil a approuvé l'initiative, contrairement à son canton."
324,81.9,81.9,18.1,"Bleienbach (BE)","Les habitants de Bleienbach approuvent l'initiative pour le versement d'une 13e rente AVS avec 81,9 pour cent des voix. Bleienbach a approuvé l'initiative, contrairement à son canton."
325,18.7,18.7,81.3,"Busswil bei Melchnau (BE)","L'initiative pour le versement d'une 13e rente AVS échoue à Busswil bei Melchnau avec 81,3 pour cent des suffrages. Busswil bei Melchnau a rejeté l'initiative, tout comme son canton."
326,59.6,59.6,40.4,"Gondiswil (BE)","C'est oui à 59,6 pour cent à l'initiative pour le versement d'une 13e rente AVS à Gondiswil. Gondiswil a approuvé l'initiative, contrairement à son canton."
329,58.1,58.1,41.9,"Langenthal (BE)","Les électeurs de Langenthal valident l'initiative pour le versement d'une 13e rente AVS avec 58,1 pour cent des voix. Langenthal a approuvé l'initiative, contrairement à son canton."
331,55.2,55.2,44.8,"Lotzwil (BE)","Les habitants de Lotzwil approuvent l'initiative pour le versement d'une 13e rente AVS avec 55,2 pour cent des voix. Lotzwil a approuvé l'initiative, contrairement à son canton."
332,75.5,75.5,24.5,"Madiswil (BE)","A Madiswil, les habitants disent oui à 75,5 pour cent à l'initiative pour une 13 rente AVS. Madiswil a approuvé l'initiative, contrairement à son canton."
333,48.2,48.2,51.8,"Melchnau (BE)","L'initiative pour le versement d'une 13e rente AVS ne passe pas la rampe à Melchnau avec 51,8 pour cent de non. Melchnau a rejeté l'initiative, tout comme son canton."
335,55.8,55.8,44.2,"Oeschenbach (BE)","Les habitants d'Oeschenbach approuvent l'initiative pour le versement d'une 13e rente AVS avec 55,8 pour cent des voix. Oeschenbach a approuvé l'initiative, contrairement à son canton."
336,75.1,75.1,24.9,"Reisiswil (BE)","A Reisiswil, les habitants disent oui à 75,1 pour cent à l'initiative pour une 13 rente AVS. Reisiswil a approuvé l'initiative, contrairement à son canton."
337,20.3,20.3,79.7,"Roggwil (BE)","L'initiative pour le versement d'une 13e rente AVS échoue à Roggwil (BE) avec 79,7 pour cent des suffrages. Roggwil (BE) a rejeté l'initiative, tout comme son canton."
338,53.3,53.3,46.7,"Rohrbach (BE)","Les habitants de Rohrbach approuvent l'initiative pour le versement d'une 13e rente AVS avec 53,3 pour cent des voix. Rohrbach a approuvé l'initiative, contrairement à son canton."
339,55,55,45,"Rohrbachgraben (BE)","A Rohrbachgraben, les habitants sont favorables à l'initiative pour le versement d'une 13e rente AVS avec 55 pour cent des suffrages. Rohrbachgraben a approuvé l'initiative, contrairement à son canton."
340,73.6,73.6,26.4,"Rütschelen (BE)","Les électeurs de Rütschelen valident l'initiative pour le versement d'une 13e rente AVS avec 73,6 pour cent des voix. Rütschelen a approuvé l'initiative, contrairement à son canton."
341,40,40,60,"Schwarzhäusern (BE)","Les habitants de Schwarzhäusern rejettent l'initiative pour le versement d'une 13e rente AVS avec 60 pour cent de non. Schwarzhäusern a rejeté l'initiative, tout comme son canton."
342,71.6,71.6,28.4,"Thunstetten (BE)","Les habitants de Thunstetten approuvent l'initiative pour le versement d'une 13e rente AVS avec 71,6 pour cent des voix. Thunstetten a approuvé l'initiative, contrairement à son canton."
344,78.2,78.2,21.8,"Ursenbach (BE)","A Ursenbach, les habitants disent oui à 78,2 pour cent à l'initiative pour une 13 rente AVS. Ursenbach a approuvé l'initiative, contrairement à son canton."
345,29.5,29.5,70.5,"Wynau (BE)","C'est non à 70,5 pour cent à l'initiative pour le versement d'une 13e rente AVS à Wynau. Wynau a rejeté l'initiative, tout comme son canton."
351,14.7,14.7,85.3,"Berne (BE)","A Berne, les habitants disent non à 85,3 pour cent à l'initiative pour le versement d'une 13e rente AVS. Berne a rejeté l'initiative, tout comme son canton."
352,41.3,41.3,58.7,"Bolligen (BE)","Les habitants de Bolligen rejettent l'initiative pour le versement d'une 13e rente AVS avec 58,7 pour cent de non. Bolligen a rejeté l'initiative, tout comme son canton."
353,44,44,56,"Bremgarten bei Bern (BE)","Les habitants de Bremgarten bei Bern s'opposent à l'initiative pour le versement d'une 13e rente AVS avec 56 pour cent de non. Bremgarten bei Bern a rejeté l'initiative, tout comme son canton."
354,70.3,70.3,29.7,"Kirchlindach (BE)","L'initiative pour le versement d'une 13e rente AVS passe la rampe à Kirchlindach avec 70,3 pour cent de oui. Kirchlindach a approuvé l'initiative, contrairement à son canton."
355,35.1,35.1,64.9,"Köniz (BE)","C'est non à 64,9 pour cent à l'initiative pour le versement d'une 13e rente AVS à Köniz. Köniz a rejeté l'initiative, tout comme son canton."
356,49,49,51,"Muri bei Bern (BE)","Les habitants de Muri bei Bern s'opposent à l'initiative pour le versement d'une 13e rente AVS avec 51 pour cent de non. Muri bei Bern a rejeté l'initiative, tout comme son canton."
357,55.2,55.2,44.8,"Oberbalm (BE)","Les électeurs d'Oberbalm valident l'initiative pour le versement d'une 13e rente AVS avec 55,2 pour cent des voix. Oberbalm a approuvé l'initiative, contrairement à son canton."
358,46.1,46.1,53.9,"Stettlen (BE)","L'initiative pour le versement d'une 13e rente AVS ne passe pas la rampe à Stettlen avec 53,9 pour cent de non. Stettlen a rejeté l'initiative, tout comme son canton."
359,67.9,67.9,32.1,"Vechigen (BE)","Les habitants de Vechigen acceptent l'initiative pour le versement d'une 13e rente AVS avec 67,9 pour cent de oui. Vechigen a approuvé l'initiative, contrairement à son canton."
360,71.7,71.7,28.3,"Wohlen bei Bern (BE)","Les habitants de Wohlen bei Bern approuvent l'initiative pour le versement d'une 13e rente AVS avec 71,7 pour cent des voix. Wohlen bei Bern a approuvé l'initiative, contrairement à son canton."
361,37.3,37.3,62.7,"Zollikofen (BE)","A Zollikofen, les habitants sont défavorables à l'initiative pour le versement d'une 13e rente AVS avec 62,7 pour cent des voix. Zollikofen a rejeté l'initiative, tout comme son canton."
362,67.4,67.4,32.6,"Ittigen (BE)","A Ittigen, les habitants sont favorables à l'initiative pour le versement d'une 13e rente AVS avec 67,4 pour cent des suffrages. Ittigen a approuvé l'initiative, contrairement à son canton."
363,43.8,43.8,56.2,"Ostermundigen (BE)","Les habitants d'Ostermundigen rejettent l'initiative pour le versement d'une 13e rente AVS avec 56,2 pour cent de non. Ostermundigen a rejeté l'initiative, tout comme son canton."
371,41.6,41.6,58.4,"Bienne (BE)","Les habitants de Bienne s'opposent à l'initiative pour le versement d'une 13e rente AVS avec 58,4 pour cent de non. Bienne a rejeté l'initiative, tout comme son canton."
372,47.3,47.3,52.7,"Evilard (BE)","C'est non à 52,7 pour cent à l'initiative pour le versement d'une 13e rente AVS à Evilard. Evilard a rejeté l'initiative, tout comme son canton."
381,29.8,29.8,70.2,"Arch (BE)","L'initiative pour le versement d'une 13e rente AVS ne passe pas la rampe à Arch avec 70,2 pour cent de non. Arch a rejeté l'initiative, tout comme son canton."
382,79.5,79.5,20.5,"Büetigen (BE)","A Büetigen, les habitants disent oui à 79,5 pour cent à l'initiative pour une 13 rente AVS. Büetigen a approuvé l'initiative, contrairement à son canton."
383,15.7,15.7,84.3,"Büren an der Aare (BE)","C'est non à 84,3 pour cent à l'initiative pour le versement d'une 13e rente AVS à Büren an der Aare. Büren an der Aare a rejeté l'initiative, tout comme son canton."
385,36.9,36.9,63.1,"Diessbach bei Büren (BE)","L'initiative pour le versement d'une 13e rente AVS ne passe pas la rampe à Diessbach bei Büren avec 63,1 pour cent de non. Diessbach bei Büren a rejeté l'initiative, tout comme son canton."
386,7.1,7.1,92.9,"Dotzigen (BE)","L'initiative pour le versement d'une 13e rente AVS échoue à Dotzigen avec 92,9 pour cent des suffrages. Dotzigen a rejeté l'initiative, tout comme son canton."
387,53.6,53.6,46.4,"Longeau (BE)","L'initiative pour le versement d'une 13e rente AVS passe la rampe à Longeau avec 53,6 pour cent de oui. Longeau a approuvé l'initiative, contrairement à son canton."
388,63.4,63.4,36.6,"Leuzigen (BE)","A Leuzigen, les habitants sont favorables à l'initiative pour le versement d'une 13e rente AVS avec 63,4 pour cent des suffrages. Leuzigen a approuvé l'initiative, contrairement à son canton."
390,11.7,11.7,88.3,"Meinisberg (BE)","C'est non à 88,3 pour cent à l'initiative pour le versement d'une 13e rente AVS à Meinisberg. Meinisberg a rejeté l'initiative, tout comme son canton."
391,32.4,32.4,67.6,"Oberwil bei Büren (BE)","A Oberwil bei Büren, les habitants sont défavorables à l'initiative pour le versement d'une 13e rente AVS avec 67,6 pour cent des voix. Oberwil bei Büren a rejeté l'initiative, tout comme son canton."
392,55.5,55.5,44.5,"Perles (BE)","Les habitants de Perles acceptent l'initiative pour le versement d'une 13e rente AVS avec 55,5 pour cent de oui. Perles a approuvé l'initiative, contrairement à son canton."
393,9.6,9.6,90.4,"Rüti bei Büren (BE)","L'initiative pour le versement d'une 13e rente AVS ne passe pas la rampe à Rüti bei Büren avec 90,4 pour cent de non. Rüti bei Büren a rejeté l'initiative, tout comme son canton."
394,43.1,43.1,56.9,"Wengi (BE)","Les habitants de Wengi rejettent l'initiative pour le versement d'une 13e rente AVS avec 56,9 pour cent de non. Wengi a rejeté l'initiative, tout comme son canton."
401,3.9,3.9,96.1,"Aefligen (BE)","L'initiative pour le versement d'une 13e rente AVS échoue à Aefligen avec 96,1 pour cent des suffrages. Aefligen a rejeté l'initiative, tout comme son canton."
402,37.6,37.6,62.4,"Alchenstorf (BE)","Les habitants d'Alchenstorf rejettent l'initiative pour le versement d'une 13e rente AVS avec 62,4 pour cent de non. Alchenstorf a rejeté l'initiative, tout comme son canton."
403,34.3,34.3,65.7,"Bäriswil (BE)","L'initiative pour le versement d'une 13e rente AVS ne passe pas la rampe à Bäriswil avec 65,7 pour cent de non. Bäriswil a rejeté l'initiative, tout comme son canton."
404,14.1,14.1,85.9,"Berthoud (BE)","A Berthoud, les habitants disent non à 85,9 pour cent à l'initiative pour le versement d'une 13e rente AVS. Berthoud a rejeté l'initiative, tout comme son canton."
405,68.6,68.6,31.4,"Ersigen (BE)","Les habitants d'Ersigen acceptent l'initiative pour le versement d'une 13e rente AVS avec 68,6 pour cent de oui. Ersigen a approuvé l'initiative, contrairement à son canton."
406,70.1,70.1,29.9,"Hasle bei Burgdorf (BE)","A Hasle bei Burgdorf, les habitants sont favorables à l'initiative pour le versement d'une 13e rente AVS avec 70,1 pour cent des suffrages. Hasle bei Burgdorf a approuvé l'initiative, contrairement à son canton."
407,72.1,72.1,27.9,"Heimiswil (BE)","A Heimiswil, les habitants disent oui à 72,1 pour cent à l'initiative pour une 13 rente AVS. Heimiswil a approuvé l'initiative, contrairement à son canton."
409,43.9,43.9,56.1,"Hindelbank (BE)","L'initiative pour le versement d'une 13e rente AVS échoue à Hindelbank avec 56,1 pour cent des suffrages. Hindelbank a rejeté l'initiative, tout comme son canton."
410,61.4,61.4,38.6,"Höchstetten (BE)","L'initiative pour le versement d'une 13e rente AVS passe la rampe à Höchstetten avec 61,4 pour cent de oui. Höchstetten a approuvé l'initiative, contrairement à son canton."
411,53.9,53.9,46.1,"Kernenried (BE)","L'initiative pour le versement d'une 13e rente AVS passe la rampe à Kernenried avec 53,9 pour cent de oui. Kernenried a approuvé l'initiative, contrairement à son canton."
412,59.9,59.9,40.1,"Kirchberg (BE)","C'est oui à 59,9 pour cent à l'initiative pour le versement d'une 13e rente AVS à Kirchberg (BE). Kirchberg (BE) a approuvé l'initiative, contrairement à son canton."
413,35.9,35.9,64.1,"Koppigen (BE)","A Koppigen, les habitants sont défavorables à l'initiative pour le versement d'une 13e rente AVS avec 64,1 pour cent des voix. Koppigen a rejeté l'initiative, tout comme son canton."
414,81.2,81.2,18.8,"Krauchthal (BE)","A Krauchthal, les habitants disent oui à 81,2 pour cent à l'initiative pour une 13 rente AVS. Krauchthal a approuvé l'initiative, contrairement à son canton."
415,70,70,30,"Lyssach (BE)","Les habitants de Lyssach approuvent l'initiative pour le versement d'une 13e rente AVS avec 70 pour cent des voix. Lyssach a approuvé l'initiative, contrairement à son canton."
418,80,80,20,"Oberburg (BE)","L'initiative pour le versement d'une 13e rente AVS passe la rampe à Oberburg avec 80 pour cent de oui. Oberburg a approuvé l'initiative, contrairement à son canton."
420,46.2,46.2,53.8,"Rüdtligen-Alchenflüh (BE)","C'est non à 53,8 pour cent à l'initiative pour le versement d'une 13e rente AVS à Rüdtligen-Alchenflüh. Rüdtligen-Alchenflüh a rejeté l'initiative, tout comme son canton."
421,51.5,51.5,48.5,"Rumendingen (BE)","Les habitants de Rumendingen acceptent l'initiative pour le versement d'une 13e rente AVS avec 51,5 pour cent de oui. Rumendingen a approuvé l'initiative, contrairement à son canton."
422,72.8,72.8,27.2,"Rüti bei Lyssach (BE)","A Rüti bei Lyssach, les habitants disent oui à 72,8 pour cent à l'initiative pour une 13 rente AVS. Rüti bei Lyssach a approuvé l'initiative, contrairement à son canton."
423,50.4,50.4,49.6,"Willadingen (BE)","L'initiative pour le versement d'une 13e rente AVS passe la rampe à Willadingen avec 50,4 pour cent de oui. Willadingen a approuvé l'initiative, contrairement à son canton."
424,61.6,61.6,38.4,"Wynigen (BE)","A Wynigen, les habitants disent oui à 61,6 pour cent à l'initiative pour une 13 rente AVS. Wynigen a approuvé l'initiative, contrairement à son canton."
431,44.6,44.6,55.4,"Corgémont (BE)","A Corgémont, les habitants disent non à 55,4 pour cent à l'initiative pour le versement d'une 13e rente AVS. Corgémont a rejeté l'initiative, tout comme son canton."
432,15.8,15.8,84.2,"Cormoret (BE)","A Cormoret, les habitants disent non à 84,2 pour cent à l'initiative pour le versement d'une 13e rente AVS. Cormoret a rejeté l'initiative, tout comme son canton."
433,51.1,51.1,48.9,"Cortébert (BE)","L'initiative pour le versement d'une 13e rente AVS passe la rampe à Cortébert avec 51,1 pour cent de oui. Cortébert a approuvé l'initiative, contrairement à son canton."
434,70.4,70.4,29.6,"Courtelary (BE)","A Courtelary, les habitants disent oui à 70,4 pour cent à l'initiative pour une 13 rente AVS. Courtelary a approuvé l'initiative, contrairement à son canton."
435,14.6,14.6,85.4,"La Ferrière (BE)","A La Ferrière, les habitants sont défavorables à l'initiative pour le versement d'une 13e rente AVS avec 85,4 pour cent des voix. La Ferrière a rejeté l'initiative, tout comme son canton."
437,67.3,67.3,32.7,"Mont-Tramelan (BE)","Les habitants de Mont-Tramelan approuvent l'initiative pour le versement d'une 13e rente AVS avec 67,3 pour cent des voix. Mont-Tramelan a approuvé l'initiative, contrairement à son canton."
438,29,29,71,"Orvin (BE)","Les habitants d'Orvin s'opposent à l'initiative pour le versement d'une 13e rente AVS avec 71 pour cent de non. Orvin a rejeté l'initiative, tout comme son canton."
441,68.6,68.6,31.4,"Renan (BE)","Les électeurs de Renan (BE) valident l'initiative pour le versement d'une 13e rente AVS avec 68,6 pour cent des voix. Renan (BE) a approuvé l'initiative, contrairement à son canton."
442,57.5,57.5,42.5,"Romont (BE)","L'initiative pour le versement d'une 13e rente AVS passe la rampe à Romont (BE) avec 57,5 pour cent de oui. Romont (BE) a approuvé l'initiative, contrairement à son canton."
443,27.8,27.8,72.2,"Saint-Imier (BE)","A Saint-Imier, les habitants disent non à 72,2 pour cent à l'initiative pour le versement d'une 13e rente AVS. Saint-Imier a rejeté l'initiative, tout comme son canton."
444,32.8,32.8,67.2,"Sonceboz-Sombeval (BE)","L'initiative pour le versement d'une 13e rente AVS ne passe pas la rampe à Sonceboz-Sombeval avec 67,2 pour cent de non. Sonceboz-Sombeval a rejeté l'initiative, tout comme son canton."
445,50.8,50.8,49.2,"Sonvilier (BE)","L'initiative pour le versement d'une 13e rente AVS passe la rampe à Sonvilier avec 50,8 pour cent de oui. Sonvilier a approuvé l'initiative, contrairement à son canton."
446,64.6,64.6,35.4,"Tramelan (BE)","L'initiative pour le versement d'une 13e rente AVS passe la rampe à Tramelan avec 64,6 pour cent de oui. Tramelan a approuvé l'initiative, contrairement à son canton."
448,49.2,49.2,50.8,"Villeret (BE)","Les habitants de Villeret rejettent l'initiative pour le versement d'une 13e rente AVS avec 50,8 pour cent de non. Villeret a rejeté l'initiative, tout comme son canton."
449,50.4,50.4,49.6,"Sauge (BE)","Les électeurs de Sauge valident l'initiative pour le versement d'une 13e rente AVS avec 50,4 pour cent des voix. Sauge a approuvé l'initiative, contrairement à son canton."
450,97.2,97.2,2.8,"Péry-La Heutte (BE)","A Péry-La Heutte, les habitants sont favorables à l'initiative pour le versement d'une 13e rente AVS avec 97,2 pour cent des suffrages. Péry-La Heutte a approuvé l'initiative, contrairement à son canton."
491,25.2,25.2,74.8,"Brüttelen (BE)","Les habitants de Brüttelen s'opposent à l'initiative pour le versement d'une 13e rente AVS avec 74,8 pour cent de non. Brüttelen a rejeté l'initiative, tout comme son canton."
492,48.8,48.8,51.2,"Cerlier (BE)","L'initiative pour le versement d'une 13e rente AVS ne passe pas la rampe à Cerlier avec 51,2 pour cent de non. Cerlier a rejeté l'initiative, tout comme son canton."
493,32.5,32.5,67.5,"Finsterhennen (BE)","Les habitants de Finsterhennen rejettent l'initiative pour le versement d'une 13e rente AVS avec 67,5 pour cent de non. Finsterhennen a rejeté l'initiative, tout comme son canton."
494,52.8,52.8,47.2,"Gals (BE)","L'initiative pour le versement d'une 13e rente AVS passe la rampe à Gals avec 52,8 pour cent de oui. Gals a approuvé l'initiative, contrairement à son canton."
495,58.5,58.5,41.5,"Champion (Gampelen) (BE)","A Champion (Gampelen), les habitants sont favorables à l'initiative pour le versement d'une 13e rente AVS avec 58,5 pour cent des suffrages. Champion (Gampelen) a approuvé l'initiative, contrairement à son canton."
496,22.1,22.1,77.9,"Anet (BE)","C'est non à 77,9 pour cent à l'initiative pour le versement d'une 13e rente AVS à Anet. Anet a rejeté l'initiative, tout comme son canton."
497,74.1,74.1,25.9,"Lüscherz (BE)","A Lüscherz, les habitants disent oui à 74,1 pour cent à l'initiative pour une 13 rente AVS. Lüscherz a approuvé l'initiative, contrairement à son canton."
498,91.2,91.2,8.8,"Müntschemier (BE)","A Müntschemier, les habitants sont favorables à l'initiative pour le versement d'une 13e rente AVS avec 91,2 pour cent des suffrages. Müntschemier a approuvé l'initiative, contrairement à son canton."
499,9.5,9.5,90.5,"Siselen (BE)","L'initiative pour le versement d'une 13e rente AVS échoue à Siselen avec 90,5 pour cent des suffrages. Siselen a rejeté l'initiative, tout comme son canton."
500,82.1,82.1,17.9,"Treiten (BE)","Les électeurs de Treiten valident l'initiative pour le versement d'une 13e rente AVS avec 82,1 pour cent des voix. Treiten a approuvé l'initiative, contrairement à son canton."
501,38.8,38.8,61.2,"Tschugg (BE)","L'initiative pour le versement d'une 13e rente AVS ne passe pas la rampe à Tschugg avec 61,2 pour cent de non. Tschugg a rejeté l'initiative, tout comme son canton."
502,16,16,84,"Vinelz (BE)","L'initiative pour le versement d'une 13e rente AVS ne passe pas la rampe à Vinelz avec 84 pour cent de non. Vinelz a rejeté l'initiative, tout comme son canton."
533,56.8,56.8,43.2,"Bätterkinden (BE)","C'est oui à 56,8 pour cent à l'initiative pour le versement d'une 13e rente AVS à Bätterkinden. Bätterkinden a approuvé l'initiative, contrairement à son canton."
538,94.4,94.4,5.6,"Fraubrunnen (BE)","C'est oui à 94,4 pour cent à l'initiative pour le versement d'une 13e rente AVS à Fraubrunnen. Fraubrunnen a approuvé l'initiative, contrairement à son canton."
540,34,34,66,"Jegenstorf (BE)","L'initiative pour le versement d'une 13e rente AVS échoue à Jegenstorf avec 66 pour cent des suffrages. Jegenstorf a rejeté l'initiative, tout comme son canton."
541,94.9,94.9,5.1,"Iffwil (BE)","A Iffwil, les habitants sont favorables à l'initiative pour le versement d'une 13e rente AVS avec 94,9 pour cent des suffrages. Iffwil a approuvé l'initiative, contrairement à son canton."
543,95,95,5,"Mattstetten (BE)","Les électeurs de Mattstetten valident l'initiative pour le versement d'une 13e rente AVS avec 95 pour cent des voix. Mattstetten a approuvé l'initiative, contrairement à son canton."
544,71.4,71.4,28.6,"Moosseedorf (BE)","A Moosseedorf, les habitants sont favorables à l'initiative pour le versement d'une 13e rente AVS avec 71,4 pour cent des suffrages. Moosseedorf a approuvé l'initiative, contrairement à son canton."
546,36.8,36.8,63.2,"Münchenbuchsee (BE)","C'est non à 63,2 pour cent à l'initiative pour le versement d'une 13e rente AVS à Münchenbuchsee. Münchenbuchsee a rejeté l'initiative, tout comme son canton."
551,27.1,27.1,72.9,"Urtenen-Schönbühl (BE)","Les habitants d'Urtenen-Schönbühl s'opposent à l'initiative pour le versement d'une 13e rente AVS avec 72,9 pour cent de non. Urtenen-Schönbühl a rejeté l'initiative, tout comme son canton."
552,15.5,15.5,84.5,"Utzenstorf (BE)","Les habitants d'Utzenstorf s'opposent à l'initiative pour le versement d'une 13e rente AVS avec 84,5 pour cent de non. Utzenstorf a rejeté l'initiative, tout comme son canton."
553,50,50,50,"Wiggiswil (BE)","L'initiative pour le versement d'une 13e rente AVS échoue à Wiggiswil avec 50 pour cent des suffrages. Wiggiswil a rejeté l'initiative, tout comme son canton."
554,98.6,98.6,1.4,"Wiler bei Utzenstorf (BE)","C'est oui à 98,6 pour cent à l'initiative pour le versement d'une 13e rente AVS à Wiler bei Utzenstorf. Wiler bei Utzenstorf a approuvé l'initiative, contrairement à son canton."
556,82.5,82.5,17.5,"Zielebach (BE)","Les habitants de Zielebach approuvent l'initiative pour le versement d'une 13e rente AVS avec 82,5 pour cent des voix. Zielebach a approuvé l'initiative, contrairement à son canton."
557,31.9,31.9,68.1,"Zuzwil (BE)","C'est non à 68,1 pour cent à l'initiative pour le versement d'une 13e rente AVS à Zuzwil (BE). Zuzwil (BE) a rejeté l'initiative, tout comme son canton."
561,61.1,61.1,38.9,"Adelboden (BE)","Les habitants d'Adelboden acceptent l'initiative pour le versement d'une 13e rente AVS avec 61,1 pour cent de oui. Adelboden a approuvé l'initiative, contrairement à son canton."
562,60.1,60.1,39.9,"Aeschi bei Spiez (BE)","Les habitants d'Aeschi bei Spiez acceptent l'initiative pour le versement d'une 13e rente AVS avec 60,1 pour cent de oui. Aeschi bei Spiez a approuvé l'initiative, contrairement à son canton."
563,54.1,54.1,45.9,"Frutigen (BE)","A Frutigen, les habitants sont favorables à l'initiative pour le versement d'une 13e rente AVS avec 54,1 pour cent des suffrages. Frutigen a approuvé l'initiative, contrairement à son canton."
564,37.8,37.8,62.2,"Kandergrund (BE)","C'est non à 62,2 pour cent à l'initiative pour le versement d'une 13e rente AVS à Kandergrund. Kandergrund a rejeté l'initiative, tout comme son canton."
565,69.3,69.3,30.7,"Kandersteg (BE)","C'est oui à 69,3 pour cent à l'initiative pour le versement d'une 13e rente AVS à Kandersteg. Kandersteg a approuvé l'initiative, contrairement à son canton."
566,51.5,51.5,48.5,"Krattigen (BE)","Les électeurs de Krattigen valident l'initiative pour le versement d'une 13e rente AVS avec 51,5 pour cent des voix. Krattigen a approuvé l'initiative, contrairement à son canton."
567,79.7,79.7,20.3,"Reichenbach im Kandertal (BE)","C'est oui à 79,7 pour cent à l'initiative pour le versement d'une 13e rente AVS à Reichenbach im Kandertal. Reichenbach im Kandertal a approuvé l'initiative, contrairement à son canton."
571,53.9,53.9,46.1,"Beatenberg (BE)","L'initiative pour le versement d'une 13e rente AVS passe la rampe à Beatenberg avec 53,9 pour cent de oui. Beatenberg a approuvé l'initiative, contrairement à son canton."
572,44.4,44.4,55.6,"Bönigen (BE)","A Bönigen, les habitants sont défavorables à l'initiative pour le versement d'une 13e rente AVS avec 55,6 pour cent des voix. Bönigen a rejeté l'initiative, tout comme son canton."
573,47.9,47.9,52.1,"Brienz (BE)","Les habitants de Brienz (BE) s'opposent à l'initiative pour le versement d'une 13e rente AVS avec 52,1 pour cent de non. Brienz (BE) a rejeté l'initiative, tout comme son canton."
574,87,87,13,"Brienzwiler (BE)","Les habitants de Brienzwiler acceptent l'initiative pour le versement d'une 13e rente AVS avec 87 pour cent de oui. Brienzwiler a approuvé l'initiative, contrairement à son canton."
575,30.7,30.7,69.3,"Därligen (BE)","L'initiative pour le versement d'une 13e rente AVS ne passe pas la rampe à Därligen avec 69,3 pour cent de non. Därligen a rejeté l'initiative, tout comme son canton."
576,90.4,90.4,9.6,"Grindelwald (BE)","Les habitants de Grindelwald approuvent l'initiative pour le versement d'une 13e rente AVS avec 90,4 pour cent des voix. Grindelwald a approuvé l'initiative, contrairement à son canton."
577,7.9,7.9,92.1,"Gsteigwiler (BE)","C'est non à 92,1 pour cent à l'initiative pour le versement d'une 13e rente AVS à Gsteigwiler. Gsteigwiler a rejeté l'initiative, tout comme son canton."
578,97.5,97.5,2.5,"Gündlischwand (BE)","A Gündlischwand, les habitants sont favorables à l'initiative pour le versement d'une 13e rente AVS avec 97,5 pour cent des suffrages. Gündlischwand a approuvé l'initiative, contrairement à son canton."
579,45.5,45.5,54.5,"Habkern (BE)","Les habitants de Habkern rejettent l'initiative pour le versement d'une 13e rente AVS avec 54,5 pour cent de non. Habkern a rejeté l'initiative, tout comme son canton."
580,67,67,33,"Hofstetten bei Brienz (BE)","L'initiative pour le versement d'une 13e rente AVS passe la rampe à Hofstetten bei Brienz avec 67 pour cent de oui. Hofstetten bei Brienz a approuvé l'initiative, contrairement à son canton."
581,31.1,31.1,68.9,"Interlaken (BE)","C'est non à 68,9 pour cent à l'initiative pour le versement d'une 13e rente AVS à Interlaken. Interlaken a rejeté l'initiative, tout comme son canton."
582,31.7,31.7,68.3,"Iseltwald (BE)","A Iseltwald, les habitants disent non à 68,3 pour cent à l'initiative pour le versement d'une 13e rente AVS. Iseltwald a rejeté l'initiative, tout comme son canton."
584,25.7,25.7,74.3,"Lauterbrunnen (BE)","L'initiative pour le versement d'une 13e rente AVS échoue à Lauterbrunnen avec 74,3 pour cent des suffrages. Lauterbrunnen a rejeté l'initiative, tout comme son canton."
585,41.9,41.9,58.1,"Leissigen (BE)","Les habitants de Leissigen rejettent l'initiative pour le versement d'une 13e rente AVS avec 58,1 pour cent de non. Leissigen a rejeté l'initiative, tout comme son canton."
586,74.4,74.4,25.6,"Lütschental (BE)","Les habitants de Lütschental approuvent l'initiative pour le versement d'une 13e rente AVS avec 74,4 pour cent des voix. Lütschental a approuvé l'initiative, contrairement à son canton."
587,27.7,27.7,72.3,"Matten bei Interlaken (BE)","Les habitants de Matten bei Interlaken rejettent l'initiative pour le versement d'une 13e rente AVS avec 72,3 pour cent de non. Matten bei Interlaken a rejeté l'initiative, tout comme son canton."
588,67.5,67.5,32.5,"Niederried bei Interlaken (BE)","Les électeurs de Niederried bei Interlaken valident l'initiative pour le versement d'une 13e rente AVS avec 67,5 pour cent des voix. Niederried bei Interlaken a approuvé l'initiative, contrairement à son canton."
589,40.8,40.8,59.2,"Oberried am Brienzersee (BE)","A Oberried am Brienzersee, les habitants sont défavorables à l'initiative pour le versement d'une 13e rente AVS avec 59,2 pour cent des voix. Oberried am Brienzersee a rejeté l'initiative, tout comme son canton."
590,80,80,20,"Ringgenberg (BE)","Les électeurs de Ringgenberg (BE) valident l'initiative pour le versement d'une 13e rente AVS avec 80 pour cent des voix. Ringgenberg (BE) a approuvé l'initiative, contrairement à son canton."
591,53.4,53.4,46.6,"Saxeten (BE)","L'initiative pour le versement d'une 13e rente AVS passe la rampe à Saxeten avec 53,4 pour cent de oui. Saxeten a approuvé l'initiative, contrairement à son canton."
592,93,93,7,"Schwanden bei Brienz (BE)","A Schwanden bei Brienz, les habitants sont favorables à l'initiative pour le versement d'une 13e rente AVS avec 93 pour cent des suffrages. Schwanden bei Brienz a approuvé l'initiative, contrairement à son canton."
593,39.5,39.5,60.5,"Unterseen (BE)","Les habitants d'Unterseen s'opposent à l'initiative pour le versement d'une 13e rente AVS avec 60,5 pour cent de non. Unterseen a rejeté l'initiative, tout comme son canton."
594,28.4,28.4,71.6,"Wilderswil (BE)","Les habitants de Wilderswil s'opposent à l'initiative pour le versement d'une 13e rente AVS avec 71,6 pour cent de non. Wilderswil a rejeté l'initiative, tout comme son canton."
602,43.2,43.2,56.8,"Arni (BE)","C'est non à 56,8 pour cent à l'initiative pour le versement d'une 13e rente AVS à Arni (BE). Arni (BE) a rejeté l'initiative, tout comme son canton."
603,17.2,17.2,82.8,"Biglen (BE)","C'est non à 82,8 pour cent à l'initiative pour le versement d'une 13e rente AVS à Biglen. Biglen a rejeté l'initiative, tout comme son canton."
605,43.5,43.5,56.5,"Bowil (BE)","Les habitants de Bowil s'opposent à l'initiative pour le versement d'une 13e rente AVS avec 56,5 pour cent de non. Bowil a rejeté l'initiative, tout comme son canton."
606,21,21,79,"Brenzikofen (BE)","L'initiative pour le versement d'une 13e rente AVS ne passe pas la rampe à Brenzikofen avec 79 pour cent de non. Brenzikofen a rejeté l'initiative, tout comme son canton."
607,41.8,41.8,58.2,"Freimettigen (BE)","L'initiative pour le versement d'une 13e rente AVS échoue à Freimettigen avec 58,2 pour cent des suffrages. Freimettigen a rejeté l'initiative, tout comme son canton."
608,12.1,12.1,87.9,"Grosshöchstetten (BE)","Les habitants de Grosshöchstetten s'opposent à l'initiative pour le versement d'une 13e rente AVS avec 87,9 pour cent de non. Grosshöchstetten a rejeté l'initiative, tout comme son canton."
609,82.4,82.4,17.6,"Häutligen (BE)","Les habitants de Häutligen approuvent l'initiative pour le versement d'une 13e rente AVS avec 82,4 pour cent des voix. Häutligen a approuvé l'initiative, contrairement à son canton."
610,26.9,26.9,73.1,"Herbligen (BE)","A Herbligen, les habitants disent non à 73,1 pour cent à l'initiative pour le versement d'une 13e rente AVS. Herbligen a rejeté l'initiative, tout comme son canton."
611,9.1,9.1,90.9,"Kiesen (BE)","A Kiesen, les habitants disent non à 90,9 pour cent à l'initiative pour le versement d'une 13e rente AVS. Kiesen a rejeté l'initiative, tout comme son canton."
612,57.7,57.7,42.3,"Konolfingen (BE)","A Konolfingen, les habitants sont favorables à l'initiative pour le versement d'une 13e rente AVS avec 57,7 pour cent des suffrages. Konolfingen a approuvé l'initiative, contrairement à son canton."
613,74.6,74.6,25.4,"Landiswil (BE)","C'est oui à 74,6 pour cent à l'initiative pour le versement d'une 13e rente AVS à Landiswil. Landiswil a approuvé l'initiative, contrairement à son canton."
614,70.5,70.5,29.5,"Linden (BE)","C'est oui à 70,5 pour cent à l'initiative pour le versement d'une 13e rente AVS à Linden. Linden a approuvé l'initiative, contrairement à son canton."
615,52.5,52.5,47.5,"Mirchel (BE)","L'initiative pour le versement d'une 13e rente AVS passe la rampe à Mirchel avec 52,5 pour cent de oui. Mirchel a approuvé l'initiative, contrairement à son canton."
616,67.1,67.1,32.9,"Münsingen (BE)","Les habitants de Münsingen approuvent l'initiative pour le versement d'une 13e rente AVS avec 67,1 pour cent des voix. Münsingen a approuvé l'initiative, contrairement à son canton."
617,42.9,42.9,57.1,"Niederhünigen (BE)","Les habitants de Niederhünigen rejettent l'initiative pour le versement d'une 13e rente AVS avec 57,1 pour cent de non. Niederhünigen a rejeté l'initiative, tout comme son canton."
619,53.5,53.5,46.5,"Oberdiessbach (BE)","C'est oui à 53,5 pour cent à l'initiative pour le versement d'une 13e rente AVS à Oberdiessbach. Oberdiessbach a approuvé l'initiative, contrairement à son canton."
620,47.3,47.3,52.7,"Oberthal (BE)","Les habitants d'Oberthal rejettent l'initiative pour le versement d'une 13e rente AVS avec 52,7 pour cent de non. Oberthal a rejeté l'initiative, tout comme son canton."
622,61.2,61.2,38.8,"Oppligen (BE)","A Oppligen, les habitants sont favorables à l'initiative pour le versement d'une 13e rente AVS avec 61,2 pour cent des suffrages. Oppligen a approuvé l'initiative, contrairement à son canton."
623,40.5,40.5,59.5,"Rubigen (BE)","L'initiative pour le versement d'une 13e rente AVS échoue à Rubigen avec 59,5 pour cent des suffrages. Rubigen a rejeté l'initiative, tout comme son canton."
626,32.6,32.6,67.4,"Walkringen (BE)","A Walkringen, les habitants disent non à 67,4 pour cent à l'initiative pour le versement d'une 13e rente AVS. Walkringen a rejeté l'initiative, tout comme son canton."
627,23.5,23.5,76.5,"Worb (BE)","Les habitants de Worb rejettent l'initiative pour le versement d'une 13e rente AVS avec 76,5 pour cent de non. Worb a rejeté l'initiative, tout comme son canton."
628,34.6,34.6,65.4,"Zäziwil (BE)","Les habitants de Zäziwil s'opposent à l'initiative pour le versement d'une 13e rente AVS avec 65,4 pour cent de non. Zäziwil a rejeté l'initiative, tout comme son canton."
630,65.3,65.3,34.7,"Allmendingen (BE)","Les habitants d'Allmendingen approuvent l'initiative pour le versement d'une 13e rente AVS avec 65,3 pour cent des voix. Allmendingen a approuvé l'initiative, contrairement à son canton."
632,90.8,90.8,9.2,"Wichtrach (BE)","L'initiative pour le versement d'une 13e rente AVS passe la rampe à Wichtrach avec 90,8 pour cent de oui. Wichtrach a approuvé l'initiative, contrairement à son canton."
662,52.7,52.7,47.3,"Ferenbalm (BE)","A Ferenbalm, les habitants sont favorables à l'initiative pour le versement d'une 13e rente AVS avec 52,7 pour cent des suffrages. Ferenbalm a approuvé l'initiative, contrairement à son canton."
663,46.1,46.1,53.9,"Frauenkappelen (BE)","Les habitants de Frauenkappelen s'opposent à l'initiative pour le versement d'une 13e rente AVS avec 53,9 pour cent de non. Frauenkappelen a rejeté l'initiative, tout comme son canton."
665,29,29,71,"Gurbrü (BE)","A Gurbrü, les habitants sont défavorables à l'initiative pour le versement d'une 13e rente AVS avec 71 pour cent des voix. Gurbrü a rejeté l'initiative, tout comme son canton."
666,2.7,2.7,97.3,"Kriechenwil (BE)","L'initiative pour le versement d'une 13e rente AVS ne passe pas la rampe à Kriechenwil avec 97,3 pour cent de non. Kriechenwil a rejeté l'initiative, tout comme son canton."
667,49.4,49.4,50.6,"Laupen (BE)","C'est non à 50,6 pour cent à l'initiative pour le versement d'une 13e rente AVS à Laupen. Laupen a rejeté l'initiative, tout comme son canton."
668,56.8,56.8,43.2,"Mühleberg (BE)","A Mühleberg, les habitants disent oui à 56,8 pour cent à l'initiative pour une 13 rente AVS. Mühleberg a approuvé l'initiative, contrairement à son canton."
669,74.7,74.7,25.3,"Villars-les-Moines (BE)","A Villars-les-Moines, les habitants sont favorables à l'initiative pour le versement d'une 13e rente AVS avec 74,7 pour cent des suffrages. Villars-les-Moines a approuvé l'initiative, contrairement à son canton."
670,64.2,64.2,35.8,"Neuenegg (BE)","Les habitants de Neuenegg acceptent l'initiative pour le versement d'une 13e rente AVS avec 64,2 pour cent de oui. Neuenegg a approuvé l'initiative, contrairement à son canton."
671,15.2,15.2,84.8,"Wileroltigen (BE)","Les habitants de Wileroltigen rejettent l'initiative pour le versement d'une 13e rente AVS avec 84,8 pour cent de non. Wileroltigen a rejeté l'initiative, tout comme son canton."
681,58.5,58.5,41.5,"Belprahon (BE)","A Belprahon, les habitants sont favorables à l'initiative pour le versement d'une 13e rente AVS avec 58,5 pour cent des suffrages. Belprahon a approuvé l'initiative, contrairement à son canton."
683,51.4,51.4,48.6,"Champoz (BE)","Les électeurs de Champoz valident l'initiative pour le versement d'une 13e rente AVS avec 51,4 pour cent des voix. Champoz a approuvé l'initiative, contrairement à son canton."
687,27.6,27.6,72.4,"Corcelles (BE)","A Corcelles (BE), les habitants sont défavorables à l'initiative pour le versement d'une 13e rente AVS avec 72,4 pour cent des voix. Corcelles (BE) a rejeté l'initiative, tout comme son canton."
690,38.4,38.4,61.6,"Court (BE)","Les habitants de Court rejettent l'initiative pour le versement d'une 13e rente AVS avec 61,6 pour cent de non. Court a rejeté l'initiative, tout comme son canton."
691,71,71,29,"Crémines (BE)","Les habitants de Crémines acceptent l'initiative pour le versement d'une 13e rente AVS avec 71 pour cent de oui. Crémines a approuvé l'initiative, contrairement à son canton."
692,48.6,48.6,51.4,"Eschert (BE)","A Eschert, les habitants sont défavorables à l'initiative pour le versement d'une 13e rente AVS avec 51,4 pour cent des voix. Eschert a rejeté l'initiative, tout comme son canton."
694,40.5,40.5,59.5,"Grandval (BE)","A Grandval, les habitants sont défavorables à l'initiative pour le versement d'une 13e rente AVS avec 59,5 pour cent des voix. Grandval a rejeté l'initiative, tout comme son canton."
696,55.3,55.3,44.7,"Loveresse (BE)","L'initiative pour le versement d'une 13e rente AVS passe la rampe à Loveresse avec 55,3 pour cent de oui. Loveresse a approuvé l'initiative, contrairement à son canton."
700,9.8,9.8,90.2,"Moutier (BE)","A Moutier, les habitants disent non à 90,2 pour cent à l'initiative pour le versement d'une 13e rente AVS. Moutier a rejeté l'initiative, tout comme son canton."
701,85.7,85.7,14.3,"Perrefitte (BE)","A Perrefitte, les habitants sont favorables à l'initiative pour le versement d'une 13e rente AVS avec 85,7 pour cent des suffrages. Perrefitte a approuvé l'initiative, contrairement à son canton."
703,34.3,34.3,65.7,"Reconvilier (BE)","A Reconvilier, les habitants disent non à 65,7 pour cent à l'initiative pour le versement d'une 13e rente AVS. Reconvilier a rejeté l'initiative, tout comme son canton."
704,10,10,90,"Roches (BE)","A Roches (BE), les habitants sont défavorables à l'initiative pour le versement d'une 13e rente AVS avec 90 pour cent des voix. Roches (BE) a rejeté l'initiative, tout comme son canton."
706,57.4,57.4,42.6,"Saicourt (BE)","A Saicourt, les habitants disent oui à 57,4 pour cent à l'initiative pour une 13 rente AVS. Saicourt a approuvé l'initiative, contrairement à son canton."
707,70.2,70.2,29.8,"Saules (BE)","Les électeurs de Saules (BE) valident l'initiative pour le versement d'une 13e rente AVS avec 70,2 pour cent des voix. Saules (BE) a approuvé l'initiative, contrairement à son canton."
708,40.2,40.2,59.8,"La Scheulte (BE)","A La Scheulte, les habitants sont défavorables à l'initiative pour le versement d'une 13e rente AVS avec 59,8 pour cent des voix. La Scheulte a rejeté l'initiative, tout comme son canton."
709,38.8,38.8,61.2,"Seehof (BE)","A Seehof, les habitants sont défavorables à l'initiative pour le versement d'une 13e rente AVS avec 61,2 pour cent des voix. Seehof a rejeté l'initiative, tout comme son canton."
711,13.8,13.8,86.2,"Sorvilier (BE)","L'initiative pour le versement d'une 13e rente AVS ne passe pas la rampe à Sorvilier avec 86,2 pour cent de non. Sorvilier a rejeté l'initiative, tout comme son canton."
713,58.5,58.5,41.5,"Tavannes (BE)","L'initiative pour le versement d'une 13e rente AVS passe la rampe à Tavannes avec 58,5 pour cent de oui. Tavannes a approuvé l'initiative, contrairement à son canton."
715,49.3,49.3,50.7,"Rebévelier (BE)","A Rebévelier, les habitants sont défavorables à l'initiative pour le versement d'une 13e rente AVS avec 50,7 pour cent des voix. Rebévelier a rejeté l'initiative, tout comme son canton."
716,0.7,0.7,99.3,"Petit-Val (BE)","L'initiative pour le versement d'une 13e rente AVS échoue à Petit-Val avec 99,3 pour cent des suffrages. Petit-Val a rejeté l'initiative, tout comme son canton."
717,46.1,46.1,53.9,"Valbirse (BE)","A Valbirse, les habitants disent non à 53,9 pour cent à l'initiative pour le versement d'une 13e rente AVS. Valbirse a rejeté l'initiative, tout comme son canton."
723,53.4,53.4,46.6,"La Neuveville (BE)","L'initiative pour le versement d'une 13e rente AVS passe la rampe à La Neuveville avec 53,4 pour cent de oui. La Neuveville a approuvé l'initiative, contrairement à son canton."
724,0.4,0.4,99.6,"Nods (BE)","C'est non à 99,6 pour cent à l'initiative pour le versement d'une 13e rente AVS à Nods. Le plus fort pourcentage de non du canton de Berne a été obtenu à Nods."
726,45.5,45.5,54.5,"Plateau de Diesse (BE)","L'initiative pour le versement d'une 13e rente AVS ne passe pas la rampe à Plateau de Diesse avec 54,5 pour cent de non. Plateau de Diesse a rejeté l'initiative, tout comme son canton."
731,31.3,31.3,68.7,"Aegerten (BE)","Les habitants d'Aegerten s'opposent à l'initiative pour le versement d'une 13e rente AVS avec 68,7 pour cent de non. Aegerten a rejeté l'initiative, tout comme son canton."
732,79.8,79.8,20.2,"Bellmund (BE)","Les habitants de Bellmund acceptent l'initiative pour le versement d'une 13e rente AVS avec 79,8 pour cent de oui. Bellmund a approuvé l'initiative, contrairement à son canton."
733,10.9,10.9,89.1,"Brügg (BE)","A Brügg, les habitants disent non à 89,1 pour cent à l'initiative pour le versement d'une 13e rente AVS. Brügg a rejeté l'initiative, tout comme son canton."
734,63.8,63.8,36.2,"Bühl (BE)","L'initiative pour le versement d'une 13e rente AVS passe la rampe à Bühl avec 63,8 pour cent de oui. Bühl a approuvé l'initiative, contrairement à son canton."
735,38.9,38.9,61.1,"Epsach (BE)","Les habitants d'Epsach rejettent l'initiative pour le versement d'une 13e rente AVS avec 61,1 pour cent de non. Epsach a rejeté l'initiative, tout comme son canton."
736,15.4,15.4,84.6,"Hagneck (BE)","L'initiative pour le versement d'une 13e rente AVS ne passe pas la rampe à Hagneck avec 84,6 pour cent de non. Hagneck a rejeté l'initiative, tout comme son canton."
737,27.1,27.1,72.9,"Hermrigen (BE)","L'initiative pour le versement d'une 13e rente AVS ne passe pas la rampe à Hermrigen avec 72,9 pour cent de non. Hermrigen a rejeté l'initiative, tout comme son canton."
738,38.5,38.5,61.5,"Jens (BE)","L'initiative pour le versement d'une 13e rente AVS ne passe pas la rampe à Jens avec 61,5 pour cent de non. Jens a rejeté l'initiative, tout comme son canton."
739,15.5,15.5,84.5,"Ipsach (BE)","Les habitants d'Ipsach rejettent l'initiative pour le versement d'une 13e rente AVS avec 84,5 pour cent de non. Ipsach a rejeté l'initiative, tout comme son canton."
740,33.6,33.6,66.4,"Gléresse (BE)","C'est non à 66,4 pour cent à l'initiative pour le versement d'une 13e rente AVS à Gléresse. Gléresse a rejeté l'initiative, tout comme son canton."
741,27.2,27.2,72.8,"Merzligen (BE)","L'initiative pour le versement d'une 13e rente AVS échoue à Merzligen avec 72,8 pour cent des suffrages. Merzligen a rejeté l'initiative, tout comme son canton."
742,38.4,38.4,61.6,"Mörigen (BE)","A Mörigen, les habitants sont défavorables à l'initiative pour le versement d'une 13e rente AVS avec 61,6 pour cent des voix. Mörigen a rejeté l'initiative, tout comme son canton."
743,36.5,36.5,63.5,"Nidau (BE)","C'est non à 63,5 pour cent à l'initiative pour le versement d'une 13e rente AVS à Nidau. Nidau a rejeté l'initiative, tout comme son canton."
744,24.8,24.8,75.2,"Orpund (BE)","Les habitants d'Orpund rejettent l'initiative pour le versement d'une 13e rente AVS avec 75,2 pour cent de non. Orpund a rejeté l'initiative, tout comme son canton."
745,62.5,62.5,37.5,"Port (BE)","A Port, les habitants disent oui à 62,5 pour cent à l'initiative pour une 13 rente AVS. Port a approuvé l'initiative, contrairement à son canton."
746,57.3,57.3,42.7,"Safnern (BE)","A Safnern, les habitants sont favorables à l'initiative pour le versement d'une 13e rente AVS avec 57,3 pour cent des suffrages. Safnern a approuvé l'initiative, contrairement à son canton."
747,76.2,76.2,23.8,"Scheuren (BE)","Les habitants de Scheuren approuvent l'initiative pour le versement d'une 13e rente AVS avec 76,2 pour cent des voix. Scheuren a approuvé l'initiative, contrairement à son canton."
748,25.8,25.8,74.2,"Schwadernau (BE)","Les habitants de Schwadernau rejettent l'initiative pour le versement d'une 13e rente AVS avec 74,2 pour cent de non. Schwadernau a rejeté l'initiative, tout comme son canton."
749,15.6,15.6,84.4,"Studen (BE)","L'initiative pour le versement d'une 13e rente AVS échoue à Studen (BE) avec 84,4 pour cent des suffrages. Studen (BE) a rejeté l'initiative, tout comme son canton."
750,57.7,57.7,42.3,"Sutz-Lattrigen (BE)","C'est oui à 57,7 pour cent à l'initiative pour le versement d'une 13e rente AVS à Sutz-Lattrigen. Sutz-Lattrigen a approuvé l'initiative, contrairement à son canton."
751,79,79,21,"Täuffelen (BE)","L'initiative pour le versement d'une 13e rente AVS passe la rampe à Täuffelen avec 79 pour cent de oui. Täuffelen a approuvé l'initiative, contrairement à son canton."
754,34.6,34.6,65.4,"Walperswil (BE)","A Walperswil, les habitants sont défavorables à l'initiative pour le versement d'une 13e rente AVS avec 65,4 pour cent des voix. Walperswil a rejeté l'initiative, tout comme son canton."
755,34,34,66,"Worben (BE)","L'initiative pour le versement d'une 13e rente AVS échoue à Worben avec 66 pour cent des suffrages. Worben a rejeté l'initiative, tout comme son canton."
756,16.4,16.4,83.6,"Douanne-Daucher (BE)","Les habitants de Douanne-Daucher s'opposent à l'initiative pour le versement d'une 13e rente AVS avec 83,6 pour cent de non. Douanne-Daucher a rejeté l'initiative, tout comme son canton."
761,37.9,37.9,62.1,"Därstetten (BE)","L'initiative pour le versement d'une 13e rente AVS ne passe pas la rampe à Därstetten avec 62,1 pour cent de non. Därstetten a rejeté l'initiative, tout comme son canton."
762,38,38,62,"Diemtigen (BE)","C'est non à 62 pour cent à l'initiative pour le versement d'une 13e rente AVS à Diemtigen. Diemtigen a rejeté l'initiative, tout comme son canton."
763,33.4,33.4,66.6,"Erlenbach im Simmental (BE)","C'est non à 66,6 pour cent à l'initiative pour le versement d'une 13e rente AVS à Erlenbach im Simmental. Erlenbach im Simmental a rejeté l'initiative, tout comme son canton."
766,29.1,29.1,70.9,"Oberwil im Simmental (BE)","Les habitants d'Oberwil im Simmental rejettent l'initiative pour le versement d'une 13e rente AVS avec 70,9 pour cent de non. Oberwil im Simmental a rejeté l'initiative, tout comme son canton."
767,31.2,31.2,68.8,"Reutigen (BE)","L'initiative pour le versement d'une 13e rente AVS échoue à Reutigen avec 68,8 pour cent des suffrages. Reutigen a rejeté l'initiative, tout comme son canton."
768,3.4,3.4,96.6,"Spiez (BE)","A Spiez, les habitants sont défavorables à l'initiative pour le versement d'une 13e rente AVS avec 96,6 pour cent des voix. Spiez a rejeté l'initiative, tout comme son canton."
769,91.1,91.1,8.9,"Wimmis (BE)","A Wimmis, les habitants disent oui à 91,1 pour cent à l'initiative pour une 13 rente AVS. Wimmis a approuvé l'initiative, contrairement à son canton."
770,62.9,62.9,37.1,"Stocken-Höfen (BE)","L'initiative pour le versement d'une 13e rente AVS passe la rampe à Stocken-Höfen avec 62,9 pour cent de oui. Stocken-Höfen a approuvé l'initiative, contrairement à son canton."
782,62.8,62.8,37.2,"Guttannen (BE)","Les habitants de Guttannen acceptent l'initiative pour le versement d'une 13e rente AVS avec 62,8 pour cent de oui. Guttannen a approuvé l'initiative, contrairement à son canton."
783,89.8,89.8,10.2,"Hasliberg (BE)","A Hasliberg, les habitants sont favorables à l'initiative pour le versement d'une 13e rente AVS avec 89,8 pour cent des suffrages. Hasliberg a approuvé l'initiative, contrairement à son canton."
784,98,98,2,"Innertkirchen (BE)","Les habitants d'Innertkirchen approuvent l'initiative pour le versement d'une 13e rente AVS avec 98 pour cent des voix. Innertkirchen a approuvé l'initiative, contrairement à son canton."
785,38.7,38.7,61.3,"Meiringen (BE)","A Meiringen, les habitants disent non à 61,3 pour cent à l'initiative pour le versement d'une 13e rente AVS. Meiringen a rejeté l'initiative, tout comme son canton."
786,22.8,22.8,77.2,"Schattenhalb (BE)","A Schattenhalb, les habitants sont défavorables à l'initiative pour le versement d'une 13e rente AVS avec 77,2 pour cent des voix. Schattenhalb a rejeté l'initiative, tout comme son canton."
791,99.7,99.7,0.3,"Boltigen (BE)","Boltigen se classe au deuxième rang des plus fortes approbations de l'initiative pour le versement d'une 13e rente AVS. Ses citoyens disent oui à 99,7 pour cent. Le plus fort pourcentage de oui du canton de Berne a été obtenu à Boltigen."
792,60.2,60.2,39.8,"Lenk (BE)","C'est oui à 60,2 pour cent à l'initiative pour le versement d'une 13e rente AVS à Lenk. Lenk a approuvé l'initiative, contrairement à son canton."
793,9.5,9.5,90.5,"Saint-Etienne (BE)","Les habitants de Saint-Etienne s'opposent à l'initiative pour le versement d'une 13e rente AVS avec 90,5 pour cent de non. Saint-Etienne a rejeté l'initiative, tout comme son canton."
794,64.2,64.2,35.8,"Zweisimmen (BE)","A Zweisimmen, les habitants disent oui à 64,2 pour cent à l'initiative pour une 13 rente AVS. Zweisimmen a approuvé l'initiative, contrairement à son canton."
841,51.4,51.4,48.6,"Gsteig (BE)","Les électeurs de Gsteig valident l'initiative pour le versement d'une 13e rente AVS avec 51,4 pour cent des voix. Gsteig a approuvé l'initiative, contrairement à son canton."
842,61.1,61.1,38.9,"Lauenen (BE)","C'est oui à 61,1 pour cent à l'initiative pour le versement d'une 13e rente AVS à Lauenen. Lauenen a approuvé l'initiative, contrairement à son canton."
843,59.2,59.2,40.8,"Gessenay (BE)","L'initiative pour le versement d'une 13e rente AVS passe la rampe à Gessenay avec 59,2 pour cent de oui. Gessenay a approuvé l'initiative, contrairement à son canton."
852,7.4,7.4,92.6,"Guggisberg (BE)","Les habitants de Guggisberg s'opposent à l'initiative pour le versement d'une 13e rente AVS avec 92,6 pour cent de non. Guggisberg a rejeté l'initiative, tout comme son canton."
853,96,96,4,"Rüschegg (BE)","Les habitants de Rüschegg acceptent l'initiative pour le versement d'une 13e rente AVS avec 96 pour cent de oui. Rüschegg a approuvé l'initiative, contrairement à son canton."
855,7.1,7.1,92.9,"Schwarzenburg (BE)","Les habitants de Schwarzenburg s'opposent à l'initiative pour le versement d'une 13e rente AVS avec 92,9 pour cent de non. Schwarzenburg a rejeté l'initiative, tout comme son canton."
861,36.1,36.1,63.9,"Belp (BE)","A Belp, les habitants sont défavorables à l'initiative pour le versement d'une 13e rente AVS avec 63,9 pour cent des voix. Belp a rejeté l'initiative, tout comme son canton."
863,51,51,49,"Burgistein (BE)","C'est oui à 51 pour cent à l'initiative pour le versement d'une 13e rente AVS à Burgistein. Burgistein a approuvé l'initiative, contrairement à son canton."
866,50,50,50,"Gerzensee (BE)","Les habitants de Gerzensee rejettent l'initiative pour le versement d'une 13e rente AVS avec 50 pour cent de non. Gerzensee a rejeté l'initiative, tout comme son canton."
867,62.4,62.4,37.6,"Gurzelen (BE)","A Gurzelen, les habitants sont favorables à l'initiative pour le versement d'une 13e rente AVS avec 62,4 pour cent des suffrages. Gurzelen a approuvé l'initiative, contrairement à son canton."
868,69.5,69.5,30.5,"Jaberg (BE)","L'initiative pour le versement d'une 13e rente AVS passe la rampe à Jaberg avec 69,5 pour cent de oui. Jaberg a approuvé l'initiative, contrairement à son canton."
869,9.8,9.8,90.2,"Kaufdorf (BE)","C'est non à 90,2 pour cent à l'initiative pour le versement d'une 13e rente AVS à Kaufdorf. Kaufdorf a rejeté l'initiative, tout comme son canton."
870,26.9,26.9,73.1,"Kehrsatz (BE)","A Kehrsatz, les habitants disent non à 73,1 pour cent à l'initiative pour le versement d'une 13e rente AVS. Kehrsatz a rejeté l'initiative, tout comme son canton."
872,46.4,46.4,53.6,"Kirchdorf (BE)","L'initiative pour le versement d'une 13e rente AVS ne passe pas la rampe à Kirchdorf (BE) avec 53,6 pour cent de non. Kirchdorf (BE) a rejeté l'initiative, tout comme son canton."
879,36.5,36.5,63.5,"Riggisberg (BE)","Les habitants de Riggisberg s'opposent à l'initiative pour le versement d'une 13e rente AVS avec 63,5 pour cent de non. Riggisberg a rejeté l'initiative, tout comme son canton."
880,88.3,88.3,11.7,"Rüeggisberg (BE)","C'est oui à 88,3 pour cent à l'initiative pour le versement d'une 13e rente AVS à Rüeggisberg. Rüeggisberg a approuvé l'initiative, contrairement à son canton."
883,46.2,46.2,53.8,"Seftigen (BE)","L'initiative pour le versement d'une 13e rente AVS ne passe pas la rampe à Seftigen avec 53,8 pour cent de non. Seftigen a rejeté l'initiative, tout comme son canton."
884,55.5,55.5,44.5,"Toffen (BE)","C'est oui à 55,5 pour cent à l'initiative pour le versement d'une 13e rente AVS à Toffen. Toffen a approuvé l'initiative, contrairement à son canton."
885,49.5,49.5,50.5,"Uttigen (BE)","Les habitants d'Uttigen rejettent l'initiative pour le versement d'une 13e rente AVS avec 50,5 pour cent de non. Uttigen a rejeté l'initiative, tout comme son canton."
886,92.4,92.4,7.6,"Wattenwil (BE)","C'est oui à 92,4 pour cent à l'initiative pour le versement d'une 13e rente AVS à Wattenwil. Wattenwil a approuvé l'initiative, contrairement à son canton."
888,62.7,62.7,37.3,"Wald (BE)","Les habitants de Wald (BE) acceptent l'initiative pour le versement d'une 13e rente AVS avec 62,7 pour cent de oui. Wald (BE) a approuvé l'initiative, contrairement à son canton."
889,47.8,47.8,52.2,"Thurnen (BE)","C'est non à 52,2 pour cent à l'initiative pour le versement d'une 13e rente AVS à Thurnen. Thurnen a rejeté l'initiative, tout comme son canton."
901,12.4,12.4,87.6,"Eggiwil (BE)","Les habitants d'Eggiwil s'opposent à l'initiative pour le versement d'une 13e rente AVS avec 87,6 pour cent de non. Eggiwil a rejeté l'initiative, tout comme son canton."
902,90.5,90.5,9.5,"Langnau im Emmental (BE)","L'initiative pour le versement d'une 13e rente AVS passe la rampe à Langnau im Emmental avec 90,5 pour cent de oui. Langnau im Emmental a approuvé l'initiative, contrairement à son canton."
903,75.7,75.7,24.3,"Lauperswil (BE)","C'est oui à 75,7 pour cent à l'initiative pour le versement d'une 13e rente AVS à Lauperswil. Lauperswil a approuvé l'initiative, contrairement à son canton."
904,85.7,85.7,14.3,"Röthenbach im Emmental (BE)","Les habitants de Röthenbach im Emmental acceptent l'initiative pour le versement d'une 13e rente AVS avec 85,7 pour cent de oui. Röthenbach im Emmental a approuvé l'initiative, contrairement à son canton."
905,85.9,85.9,14.1,"Rüderswil (BE)","L'initiative pour le versement d'une 13e rente AVS passe la rampe à Rüderswil avec 85,9 pour cent de oui. Rüderswil a approuvé l'initiative, contrairement à son canton."
906,98.1,98.1,1.9,"Schangnau (BE)","A Schangnau, les habitants disent oui à 98,1 pour cent à l'initiative pour une 13 rente AVS. Schangnau a approuvé l'initiative, contrairement à son canton."
907,56.8,56.8,43.2,"Signau (BE)","A Signau, les habitants sont favorables à l'initiative pour le versement d'une 13e rente AVS avec 56,8 pour cent des suffrages. Signau a approuvé l'initiative, contrairement à son canton."
908,13.8,13.8,86.2,"Trub (BE)","Les habitants de Trub s'opposent à l'initiative pour le versement d'une 13e rente AVS avec 86,2 pour cent de non. Trub a rejeté l'initiative, tout comme son canton."
909,55.7,55.7,44.3,"Trubschachen (BE)","L'initiative pour le versement d'une 13e rente AVS passe la rampe à Trubschachen avec 55,7 pour cent de oui. Trubschachen a approuvé l'initiative, contrairement à son canton."
921,45.2,45.2,54.8,"Amsoldingen (BE)","A Amsoldingen, les habitants sont défavorables à l'initiative pour le versement d'une 13e rente AVS avec 54,8 pour cent des voix. Amsoldingen a rejeté l'initiative, tout comme son canton."
922,50.4,50.4,49.6,"Blumenstein (BE)","A Blumenstein, les habitants sont favorables à l'initiative pour le versement d'une 13e rente AVS avec 50,4 pour cent des suffrages. Blumenstein a approuvé l'initiative, contrairement à son canton."
923,50.8,50.8,49.2,"Buchholterberg (BE)","A Buchholterberg, les habitants disent oui à 50,8 pour cent à l'initiative pour une 13 rente AVS. Buchholterberg a approuvé l'initiative, contrairement à son canton."
924,20.8,20.8,79.2,"Eriz (BE)","Les habitants d'Eriz s'opposent à l'initiative pour le versement d'une 13e rente AVS avec 79,2 pour cent de non. Eriz a rejeté l'initiative, tout comme son canton."
925,46.4,46.4,53.6,"Fahrni (BE)","Les habitants de Fahrni s'opposent à l'initiative pour le versement d'une 13e rente AVS avec 53,6 pour cent de non. Fahrni a rejeté l'initiative, tout comme son canton."
927,57.6,57.6,42.4,"Heiligenschwendi (BE)","Les électeurs de Heiligenschwendi valident l'initiative pour le versement d'une 13e rente AVS avec 57,6 pour cent des voix. Heiligenschwendi a approuvé l'initiative, contrairement à son canton."
928,81.7,81.7,18.3,"Heimberg (BE)","A Heimberg, les habitants disent oui à 81,7 pour cent à l'initiative pour une 13 rente AVS. Heimberg a approuvé l'initiative, contrairement à son canton."
929,38.3,38.3,61.7,"Hilterfingen (BE)","L'initiative pour le versement d'une 13e rente AVS ne passe pas la rampe à Hilterfingen avec 61,7 pour cent de non. Hilterfingen a rejeté l'initiative, tout comme son canton."
931,95.5,95.5,4.5,"Homberg (BE)","Les habitants de Homberg approuvent l'initiative pour le versement d'une 13e rente AVS avec 95,5 pour cent des voix. Homberg a approuvé l'initiative, contrairement à son canton."
932,3.1,3.1,96.9,"Horrenbach-Buchen (BE)","L'initiative pour le versement d'une 13e rente AVS ne passe pas la rampe à Horrenbach-Buchen avec 96,9 pour cent de non. Horrenbach-Buchen a rejeté l'initiative, tout comme son canton."
934,8.7,8.7,91.3,"Oberhofen am Thunersee (BE)","Les habitants d'Oberhofen am Thunersee rejettent l'initiative pour le versement d'une 13e rente AVS avec 91,3 pour cent de non. Oberhofen am Thunersee a rejeté l'initiative, tout comme son canton."
935,93.3,93.3,6.7,"Oberlangenegg (BE)","Les électeurs d'Oberlangenegg valident l'initiative pour le versement d'une 13e rente AVS avec 93,3 pour cent des voix. Oberlangenegg a approuvé l'initiative, contrairement à son canton."
936,67.1,67.1,32.9,"Pohlern (BE)","A Pohlern, les habitants sont favorables à l'initiative pour le versement d'une 13e rente AVS avec 67,1 pour cent des suffrages. Pohlern a approuvé l'initiative, contrairement à son canton."
938,47.7,47.7,52.3,"Sigriswil (BE)","C'est non à 52,3 pour cent à l'initiative pour le versement d'une 13e rente AVS à Sigriswil. Sigriswil a rejeté l'initiative, tout comme son canton."
939,56.1,56.1,43.9,"Steffisburg (BE)","Les habitants de Steffisburg approuvent l'initiative pour le versement d'une 13e rente AVS avec 56,1 pour cent des voix. Steffisburg a approuvé l'initiative, contrairement à son canton."
940,71.5,71.5,28.5,"Teuffenthal (BE)","A Teuffenthal (BE), les habitants sont favorables à l'initiative pour le versement d'une 13e rente AVS avec 71,5 pour cent des suffrages. Teuffenthal (BE) a approuvé l'initiative, contrairement à son canton."
941,47.3,47.3,52.7,"Thierachern (BE)","C'est non à 52,7 pour cent à l'initiative pour le versement d'une 13e rente AVS à Thierachern. Thierachern a rejeté l'initiative, tout comme son canton."
942,11.7,11.7,88.3,"Thoune (BE)","L'initiative pour le versement d'une 13e rente AVS échoue à Thoune avec 88,3 pour cent des suffrages. Thoune a rejeté l'initiative, tout comme son canton."
943,81.7,81.7,18.3,"Uebeschi (BE)","A Uebeschi, les habitants disent oui à 81,7 pour cent à l'initiative pour une 13 rente AVS. Uebeschi a approuvé l'initiative, contrairement à son canton."
944,65,65,35,"Uetendorf (BE)","L'initiative pour le versement d'une 13e rente AVS passe la rampe à Uetendorf avec 65 pour cent de oui. Uetendorf a approuvé l'initiative, contrairement à son canton."
945,97.6,97.6,2.4,"Unterlangenegg (BE)","Les habitants d'Unterlangenegg approuvent l'initiative pour le versement d'une 13e rente AVS avec 97,6 pour cent des voix. Unterlangenegg a approuvé l'initiative, contrairement à son canton."
946,49.1,49.1,50.9,"Wachseldorn (BE)","L'initiative pour le versement d'une 13e rente AVS échoue à Wachseldorn avec 50,9 pour cent des suffrages. Wachseldorn a rejeté l'initiative, tout comme son canton."
948,11.3,11.3,88.7,"Forst-Längenbühl (BE)","Les habitants de Forst-Längenbühl rejettent l'initiative pour le versement d'une 13e rente AVS avec 88,7 pour cent de non. Forst-Längenbühl a rejeté l'initiative, tout comme son canton."
951,42.2,42.2,57.8,"Affoltern im Emmental (BE)","C'est non à 57,8 pour cent à l'initiative pour le versement d'une 13e rente AVS à Affoltern im Emmental. Affoltern im Emmental a rejeté l'initiative, tout comme son canton."
952,53.9,53.9,46.1,"Dürrenroth (BE)","A Dürrenroth, les habitants sont favorables à l'initiative pour le versement d'une 13e rente AVS avec 53,9 pour cent des suffrages. Dürrenroth a approuvé l'initiative, contrairement à son canton."
953,78.4,78.4,21.6,"Eriswil (BE)","Les habitants d'Eriswil acceptent l'initiative pour le versement d'une 13e rente AVS avec 78,4 pour cent de oui. Eriswil a approuvé l'initiative, contrairement à son canton."
954,30,30,70,"Huttwil (BE)","A Huttwil, les habitants disent non à 70 pour cent à l'initiative pour le versement d'une 13e rente AVS. Huttwil a rejeté l'initiative, tout comme son canton."
955,35.5,35.5,64.5,"Lützelflüh (BE)","C'est non à 64,5 pour cent à l'initiative pour le versement d'une 13e rente AVS à Lützelflüh. Lützelflüh a rejeté l'initiative, tout comme son canton."
956,63.1,63.1,36.9,"Rüegsau (BE)","L'initiative pour le versement d'une 13e rente AVS passe la rampe à Rüegsau avec 63,1 pour cent de oui. Rüegsau a approuvé l'initiative, contrairement à son canton."
957,47.8,47.8,52.2,"Sumiswald (BE)","L'initiative pour le versement d'une 13e rente AVS échoue à Sumiswald avec 52,2 pour cent des suffrages. Sumiswald a rejeté l'initiative, tout comme son canton."
958,19.3,19.3,80.7,"Trachselwald (BE)","L'initiative pour le versement d'une 13e rente AVS ne passe pas la rampe à Trachselwald avec 80,7 pour cent de non. Trachselwald a rejeté l'initiative, tout comme son canton."
959,45.1,45.1,54.9,"Walterswil (BE)","L'initiative pour le versement d'une 13e rente AVS ne passe pas la rampe à Walterswil (BE) avec 54,9 pour cent de non. Walterswil (BE) a rejeté l'initiative, tout comme son canton."
960,54.2,54.2,45.8,"Wyssachen (BE)","A Wyssachen, les habitants disent oui à 54,2 pour cent à l'initiative pour une 13 rente AVS. Wyssachen a approuvé l'initiative, contrairement à son canton."
971,22.2,22.2,77.8,"Attiswil (BE)","L'initiative pour le versement d'une 13e rente AVS ne passe pas la rampe à Attiswil avec 77,8 pour cent de non. Attiswil a rejeté l'initiative, tout comme son canton."
972,79.5,79.5,20.5,"Berken (BE)","Les habitants de Berken approuvent l'initiative pour le versement d'une 13e rente AVS avec 79,5 pour cent des voix. Berken a approuvé l'initiative, contrairement à son canton."
973,3.2,3.2,96.8,"Bettenhausen (BE)","A Bettenhausen, les habitants disent non à 96,8 pour cent à l'initiative pour le versement d'une 13e rente AVS. Bettenhausen a rejeté l'initiative, tout comme son canton."
975,87.5,87.5,12.5,"Farnern (BE)","L'initiative pour le versement d'une 13e rente AVS passe la rampe à Farnern avec 87,5 pour cent de oui. Farnern a approuvé l'initiative, contrairement à son canton."
976,60.9,60.9,39.1,"Graben (BE)","C'est oui à 60,9 pour cent à l'initiative pour le versement d'une 13e rente AVS à Graben. Graben a approuvé l'initiative, contrairement à son canton."
977,16.7,16.7,83.3,"Heimenhausen (BE)","L'initiative pour le versement d'une 13e rente AVS ne passe pas la rampe à Heimenhausen avec 83,3 pour cent de non. Heimenhausen a rejeté l'initiative, tout comme son canton."
979,97.7,97.7,2.3,"Herzogenbuchsee (BE)","L'initiative pour le versement d'une 13e rente AVS passe la rampe à Herzogenbuchsee avec 97,7 pour cent de oui. Herzogenbuchsee a approuvé l'initiative, contrairement à son canton."
980,40.2,40.2,59.8,"Inkwil (BE)","Les habitants d'Inkwil rejettent l'initiative pour le versement d'une 13e rente AVS avec 59,8 pour cent de non. Inkwil a rejeté l'initiative, tout comme son canton."
981,51.1,51.1,48.9,"Niederbipp (BE)","A Niederbipp, les habitants sont favorables à l'initiative pour le versement d'une 13e rente AVS avec 51,1 pour cent des suffrages. Niederbipp a approuvé l'initiative, contrairement à son canton."
982,36.8,36.8,63.2,"Niederönz (BE)","Les habitants de Niederönz s'opposent à l'initiative pour le versement d'une 13e rente AVS avec 63,2 pour cent de non. Niederönz a rejeté l'initiative, tout comme son canton."
983,59.4,59.4,40.6,"Oberbipp (BE)","Les habitants d'Oberbipp acceptent l'initiative pour le versement d'une 13e rente AVS avec 59,4 pour cent de oui. Oberbipp a approuvé l'initiative, contrairement à son canton."
985,15.6,15.6,84.4,"Ochlenberg (BE)","Les habitants d'Ochlenberg rejettent l'initiative pour le versement d'une 13e rente AVS avec 84,4 pour cent de non. Ochlenberg a rejeté l'initiative, tout comme son canton."
987,48.2,48.2,51.8,"Rumisberg (BE)","L'initiative pour le versement d'une 13e rente AVS échoue à Rumisberg avec 51,8 pour cent des suffrages. Rumisberg a rejeté l'initiative, tout comme son canton."
988,71.9,71.9,28.1,"Seeberg (BE)","A Seeberg, les habitants sont favorables à l'initiative pour le versement d'une 13e rente AVS avec 71,9 pour cent des suffrages. Seeberg a approuvé l'initiative, contrairement à son canton."
989,57.3,57.3,42.7,"Thörigen (BE)","L'initiative pour le versement d'une 13e rente AVS passe la rampe à Thörigen avec 57,3 pour cent de oui. Thörigen a approuvé l'initiative, contrairement à son canton."
990,86.8,86.8,13.2,"Walliswil bei Niederbipp (BE)","C'est oui à 86,8 pour cent à l'initiative pour le versement d'une 13e rente AVS à Walliswil bei Niederbipp. Walliswil bei Niederbipp a approuvé l'initiative, contrairement à son canton."
991,14.8,14.8,85.2,"Walliswil bei Wangen (BE)","L'initiative pour le versement d'une 13e rente AVS échoue à Walliswil bei Wangen avec 85,2 pour cent des suffrages. Walliswil bei Wangen a rejeté l'initiative, tout comme son canton."
992,85.8,85.8,14.2,"Wangen an der Aare (BE)","Les électeurs de Wangen an der Aare valident l'initiative pour le versement d'une 13e rente AVS avec 85,8 pour cent des voix. Wangen an der Aare a approuvé l'initiative, contrairement à son canton."
995,51.5,51.5,48.5,"Wiedlisbach (BE)","Les électeurs de Wiedlisbach valident l'initiative pour le versement d'une 13e rente AVS avec 51,5 pour cent des voix. Wiedlisbach a approuvé l'initiative, contrairement à son canton."
