"ID","Gemeinde_color","Ja_Stimmen_In_Prozent","Nein_Stimmen_In_Prozent","Gemeinde_de","Text_de"
2008,60.8,60.8,39.2,"Châtillon FR","Mit 60,8 Prozent Ja hat sich Châtillon FR für das Dekret über die Erhöhung der Beteiligung des Staats Freiburg am Aktienkapital der Freiburgischen Verkehrsbetriebe ausgesprochen."
2011,54.1,54.1,45.9,"Cugy FR","Cugy FR hat das Dekret über die Erhöhung der Beteiligung des Staats Freiburg am Aktienkapital der Freiburgischen Verkehrsbetriebe mit 54,1 Prozent angenommen."
2016,53,53,47,"Fétigny FR","53 Prozent der Stimmbürgerinnen und Stimmbürger von Fétigny haben dem Dekret über die Erhöhung der Beteiligung des Staats Freiburg
an den Freiburgischen Verkehrsbetrieben zugestimmt."
2022,51.8,51.8,48.2,"Gletterens FR","51,8 Prozent der Stimmbürgerinnen und Stimmbürger von Gletterens haben dem Dekret über die Erhöhung der Beteiligung des Staats Freiburg
an den Freiburgischen Verkehrsbetrieben zugestimmt."
2025,53.9,53.9,46.1,"Lully FR","Lully FR hat das Dekret über die Erhöhung der Beteiligung des Staats Freiburg am Aktienkapital der Freiburgischen Verkehrsbetriebe mit 53,9 Prozent angenommen."
2027,53.1,53.1,46.9,"Ménières FR","53,1 Prozent der Stimmbürgerinnen und Stimmbürger von Ménières haben dem Dekret über die Erhöhung der Beteiligung des Staats Freiburg
an den Freiburgischen Verkehrsbetrieben zugestimmt."
2029,51.9,51.9,48.1,"Montagny FR","Montagny FR hat das Dekret über die Erhöhung der Beteiligung des Staats Freiburg am Aktienkapital der Freiburgischen Verkehrsbetriebe mit 51,9 Prozent angenommen."
2035,56.5,56.5,43.5,"Nuvilly FR","Nuvilly hat das Dekret über die Erhöhung der Beteiligung des Staats Freiburg am Aktienkapital der Freiburgischen Verkehrsbetriebe mit 56,5 Prozent angenommen."
2038,26.5,26.5,73.5,"Prévondavaux FR","Das Dekret über die Erhöhung der Beteiligung des Staats Freiburg am Aktienkapital der Freiburgischen Verkehrsbetriebe ist in Prévondavaux mit 25 zu 9 Stimmen abgelehnt worden."
2041,57.8,57.8,42.2,"Saint-Aubin FR","Mit 57,8 Prozent Ja hat sich Saint-Aubin FR für das Dekret über die Erhöhung der Beteiligung des Staats Freiburg am Aktienkapital der Freiburgischen Verkehrsbetriebe ausgesprochen."
2043,58.7,58.7,41.3,"Sévaz FR","Mit 58,7 Prozent Ja hat sich Sévaz für das Dekret über die Erhöhung der Beteiligung des Staats Freiburg am Aktienkapital der Freiburgischen Verkehrsbetriebe ausgesprochen."
2044,45.1,45.1,54.9,"Surpierre FR","Keine Mehrheit für das Dekret über die Erhöhung der Beteiligung des Staats Freiburg am Aktienkapital der Freiburgischen Verkehrsbetriebe in Surpierre. 54,9 Prozent haben die Vorlage verworfen."
2045,58,58,42,"Vallon FR","Mit 58 Prozent Ja hat sich Vallon für das Dekret über die Erhöhung der Beteiligung des Staats Freiburg am Aktienkapital der Freiburgischen Verkehrsbetriebe ausgesprochen."
2050,49.8,49.8,50.2,"Les Montets FR","Keine Mehrheit für das Dekret über die Erhöhung der Beteiligung des Staats Freiburg am Aktienkapital der Freiburgischen Verkehrsbetriebe in Les Montets. 50,2 Prozent haben die Vorlage verworfen."
2051,61.9,61.9,38.1,"Delley-Portalban FR","61,9 Prozent der Stimmbürgerinnen und Stimmbürger von Delley-Portalban haben dem Dekret über die Erhöhung der Beteiligung des Staats Freiburg
an den Freiburgischen Verkehrsbetrieben zugestimmt."
2053,50.1,50.1,49.9,"Belmont-Broye FR","Belmont-Broye hat das Dekret über die Erhöhung der Beteiligung des Staats Freiburg am Aktienkapital der Freiburgischen Verkehrsbetriebe mit 50,1 Prozent angenommen."
2054,56,56,44,"Estavayer FR","Estavayer hat das Dekret über die Erhöhung der Beteiligung des Staats Freiburg am Aktienkapital der Freiburgischen Verkehrsbetriebe mit 56 Prozent angenommen."
2055,69.4,69.4,30.6,"Cheyres-Châbles FR","69,4 Prozent der Stimmbürgerinnen und Stimmbürger von Cheyres-Châbles haben dem Dekret über die Erhöhung der Beteiligung des Staats Freiburg
an den Freiburgischen Verkehrsbetrieben zugestimmt."
2061,56.7,56.7,43.3,"Auboranges FR","56,7 Prozent der Stimmbürgerinnen und Stimmbürger von Auboranges haben dem Dekret über die Erhöhung der Beteiligung des Staats Freiburg
an den Freiburgischen Verkehrsbetrieben zugestimmt."
2063,55.9,55.9,44.1,"Billens-Hennens FR","Billens-Hennens hat das Dekret über die Erhöhung der Beteiligung des Staats Freiburg am Aktienkapital der Freiburgischen Verkehrsbetriebe mit 55,9 Prozent angenommen."
2066,71.9,71.9,28.1,"Chapelle (Glâne) FR","Chapelle (Glâne) hat das Dekret über die Erhöhung der Beteiligung des Staats Freiburg am Aktienkapital der Freiburgischen Verkehrsbetriebe mit 71,9 Prozent angenommen."
2067,39.7,39.7,60.3,"Le Châtelard FR","Nein zum Dekret über die Erhöhung der Beteiligung des Staats Freiburg
am Aktienkapital der Freiburgischen Verkehrsbetriebe in Le Châtelard: 60,3 Prozent haben das Begehren abgelehnt."
2068,47.9,47.9,52.1,"Châtonnaye FR","Keine Mehrheit für das Dekret über die Erhöhung der Beteiligung des Staats Freiburg am Aktienkapital der Freiburgischen Verkehrsbetriebe in Châtonnaye. 52,1 Prozent haben die Vorlage verworfen."
2072,59.4,59.4,40.6,"Ecublens FR","Ecublens FR hat das Dekret über die Erhöhung der Beteiligung des Staats Freiburg am Aktienkapital der Freiburgischen Verkehrsbetriebe mit 59,4 Prozent angenommen."
2079,49.4,49.4,50.6,"Grangettes FR","Das Dekret über die Erhöhung der Beteiligung des Staats Freiburg am Aktienkapital der Freiburgischen Verkehrsbetriebe ist in Grangettes mit 39 zu 38 Stimmen abgelehnt worden."
2086,48.7,48.7,51.3,"Massonnens FR","Massonnens hat das Dekret über die Erhöhung der Beteiligung des Staats Freiburg am Aktienkapital der Freiburgischen Verkehrsbetriebe mit 51,3 Prozent abgelehnt."
2087,49,49,51,"Mézières FR","Keine Mehrheit für das Dekret über die Erhöhung der Beteiligung des Staats Freiburg am Aktienkapital der Freiburgischen Verkehrsbetriebe in Mézières FR. 51 Prozent haben die Vorlage verworfen."
2089,60.5,60.5,39.5,"Montet (Glâne) FR","60,5 Prozent der Stimmbürgerinnen und Stimmbürger von Montet (Glâne) haben dem Dekret über die Erhöhung der Beteiligung des Staats Freiburg
an den Freiburgischen Verkehrsbetrieben zugestimmt."
2096,60.4,60.4,39.6,"Romont FR","60,4 Prozent der Stimmbürgerinnen und Stimmbürger von Romont FR haben dem Dekret über die Erhöhung der Beteiligung des Staats Freiburg
an den Freiburgischen Verkehrsbetrieben zugestimmt."
2097,60.6,60.6,39.4,"Rue FR","Rue hat das Dekret über die Erhöhung der Beteiligung des Staats Freiburg am Aktienkapital der Freiburgischen Verkehrsbetriebe mit 60,6 Prozent angenommen."
2099,46,46,54,"Siviriez FR","Nein zum Dekret über die Erhöhung der Beteiligung des Staats Freiburg
am Aktienkapital der Freiburgischen Verkehrsbetriebe in Siviriez: 54 Prozent haben das Begehren abgelehnt."
2102,60.4,60.4,39.6,"Ursy FR","Mit 60,4 Prozent Ja hat sich Ursy für das Dekret über die Erhöhung der Beteiligung des Staats Freiburg am Aktienkapital der Freiburgischen Verkehrsbetriebe ausgesprochen."
2113,39.5,39.5,60.5,"Vuisternens-devant-Romont FR","Vuisternens-devant-Romont hat das Dekret über die Erhöhung der Beteiligung des Staats Freiburg am Aktienkapital der Freiburgischen Verkehrsbetriebe mit 60,5 Prozent abgelehnt."
2114,43.5,43.5,56.5,"Villorsonnens FR","Villorsonnens hat das Dekret über die Erhöhung der Beteiligung des Staats Freiburg am Aktienkapital der Freiburgischen Verkehrsbetriebe mit 56,5 Prozent abgelehnt."
2115,43.6,43.6,56.4,"Torny FR","Nein zum Dekret über die Erhöhung der Beteiligung des Staats Freiburg
am Aktienkapital der Freiburgischen Verkehrsbetriebe in Torny: 56,4 Prozent haben das Begehren abgelehnt."
2117,53.6,53.6,46.4,"Villaz FR","Villaz hat das Dekret über die Erhöhung der Beteiligung des Staats Freiburg am Aktienkapital der Freiburgischen Verkehrsbetriebe mit 53,6 Prozent angenommen."
2121,42.6,42.6,57.4,"Haut-Intyamon FR","Haut-Intyamon hat das Dekret über die Erhöhung der Beteiligung des Staats Freiburg am Aktienkapital der Freiburgischen Verkehrsbetriebe mit 57,4 Prozent abgelehnt."
2122,49.4,49.4,50.6,"Pont-en-Ogoz FR","Nein zum Dekret über die Erhöhung der Beteiligung des Staats Freiburg
am Aktienkapital der Freiburgischen Verkehrsbetriebe in Pont-en-Ogoz: 50,6 Prozent haben das Begehren abgelehnt."
2123,45.3,45.3,54.7,"Botterens FR","Botterens hat das Dekret über die Erhöhung der Beteiligung des Staats Freiburg am Aktienkapital der Freiburgischen Verkehrsbetriebe mit 54,7 Prozent abgelehnt."
2124,53.7,53.7,46.3,"Broc FR","Mit 53,7 Prozent Ja hat sich Broc für das Dekret über die Erhöhung der Beteiligung des Staats Freiburg am Aktienkapital der Freiburgischen Verkehrsbetriebe ausgesprochen."
2125,57,57,43,"Bulle FR","Bulle hat das Dekret über die Erhöhung der Beteiligung des Staats Freiburg am Aktienkapital der Freiburgischen Verkehrsbetriebe mit 57 Prozent angenommen."
2128,50,50,50,"Châtel-sur-Montsalvens FR","Unentschieden in Châtel-sur-Montsalvens bei der Abstimmung über das Dekret über die Erhöhung der Beteiligung des Staats Freiburg am Aktienkapital der Freiburgischen Verkehrsbetriebe: Mit je 67 Stimmen halten sich die Befürworter und Gegner genau die Waage."
2129,46.3,46.3,53.7,"Corbières FR","Nein zum Dekret über die Erhöhung der Beteiligung des Staats Freiburg
am Aktienkapital der Freiburgischen Verkehrsbetriebe in Corbières: 53,7 Prozent haben das Begehren abgelehnt."
2130,48.3,48.3,51.7,"Crésuz FR","Nein zum Dekret über die Erhöhung der Beteiligung des Staats Freiburg
am Aktienkapital der Freiburgischen Verkehrsbetriebe in Crésuz: 51,7 Prozent haben das Begehren abgelehnt."
2131,52.9,52.9,47.1,"Echarlens FR","52,9 Prozent der Stimmbürgerinnen und Stimmbürger von Echarlens haben dem Dekret über die Erhöhung der Beteiligung des Staats Freiburg
an den Freiburgischen Verkehrsbetrieben zugestimmt."
2134,48.1,48.1,51.9,"Grandvillard FR","Nein zum Dekret über die Erhöhung der Beteiligung des Staats Freiburg
am Aktienkapital der Freiburgischen Verkehrsbetriebe in Grandvillard: 51,9 Prozent haben das Begehren abgelehnt."
2135,52.9,52.9,47.1,"Greyerz FR","52,9 Prozent der Stimmbürgerinnen und Stimmbürger von Greyerz haben dem Dekret über die Erhöhung der Beteiligung des Staats Freiburg
an den Freiburgischen Verkehrsbetrieben zugestimmt."
2137,55.7,55.7,44.3,"Hauteville FR","Mit 55,7 Prozent Ja hat sich Hauteville für das Dekret über die Erhöhung der Beteiligung des Staats Freiburg am Aktienkapital der Freiburgischen Verkehrsbetriebe ausgesprochen."
2138,46.3,46.3,53.7,"Jaun FR","Keine Mehrheit für das Dekret über die Erhöhung der Beteiligung des Staats Freiburg am Aktienkapital der Freiburgischen Verkehrsbetriebe in Jaun. 53,7 Prozent haben die Vorlage verworfen."
2140,57.6,57.6,42.4,"Marsens FR","Mit 57,6 Prozent Ja hat sich Marsens für das Dekret über die Erhöhung der Beteiligung des Staats Freiburg am Aktienkapital der Freiburgischen Verkehrsbetriebe ausgesprochen."
2143,57.5,57.5,42.5,"Morlon FR","Morlon hat das Dekret über die Erhöhung der Beteiligung des Staats Freiburg am Aktienkapital der Freiburgischen Verkehrsbetriebe mit 57,5 Prozent angenommen."
2145,58.5,58.5,41.5,"Le Pâquier FR","Mit 58,5 Prozent Ja hat sich Le Pâquier FR für das Dekret über die Erhöhung der Beteiligung des Staats Freiburg am Aktienkapital der Freiburgischen Verkehrsbetriebe ausgesprochen."
2147,47.1,47.1,52.9,"Pont-la-Ville FR","Pont-la-Ville hat das Dekret über die Erhöhung der Beteiligung des Staats Freiburg am Aktienkapital der Freiburgischen Verkehrsbetriebe mit 52,9 Prozent abgelehnt."
2148,49.6,49.6,50.4,"Riaz FR","Nein zum Dekret über die Erhöhung der Beteiligung des Staats Freiburg
am Aktienkapital der Freiburgischen Verkehrsbetriebe in Riaz: 50,4 Prozent haben das Begehren abgelehnt."
2149,39.4,39.4,60.6,"La Roche FR","Keine Mehrheit für das Dekret über die Erhöhung der Beteiligung des Staats Freiburg am Aktienkapital der Freiburgischen Verkehrsbetriebe in La Roche. 60,6 Prozent haben die Vorlage verworfen."
2152,39,39,61,"Sâles FR","Keine Mehrheit für das Dekret über die Erhöhung der Beteiligung des Staats Freiburg am Aktienkapital der Freiburgischen Verkehrsbetriebe in Sâles. 61 Prozent haben die Vorlage verworfen."
2153,48.1,48.1,51.9,"Sorens FR","Sorens hat das Dekret über die Erhöhung der Beteiligung des Staats Freiburg am Aktienkapital der Freiburgischen Verkehrsbetriebe mit 51,9 Prozent abgelehnt."
2155,43,43,57,"Vaulruz FR","Nein zum Dekret über die Erhöhung der Beteiligung des Staats Freiburg
am Aktienkapital der Freiburgischen Verkehrsbetriebe in Vaulruz: 57 Prozent haben das Begehren abgelehnt."
2160,51.6,51.6,48.4,"Vuadens FR","51,6 Prozent der Stimmbürgerinnen und Stimmbürger von Vuadens haben dem Dekret über die Erhöhung der Beteiligung des Staats Freiburg
an den Freiburgischen Verkehrsbetrieben zugestimmt."
2162,55.9,55.9,44.1,"Bas-Intyamon FR","55,9 Prozent der Stimmbürgerinnen und Stimmbürger von Bas-Intyamon haben dem Dekret über die Erhöhung der Beteiligung des Staats Freiburg
an den Freiburgischen Verkehrsbetrieben zugestimmt."
2163,52.8,52.8,47.2,"Val-de-Charmey FR","52,8 Prozent der Stimmbürgerinnen und Stimmbürger von Val-de-Charmey haben dem Dekret über die Erhöhung der Beteiligung des Staats Freiburg
an den Freiburgischen Verkehrsbetrieben zugestimmt."
2173,48.1,48.1,51.9,"Autigny FR","Keine Mehrheit für das Dekret über die Erhöhung der Beteiligung des Staats Freiburg am Aktienkapital der Freiburgischen Verkehrsbetriebe in Autigny. 51,9 Prozent haben die Vorlage verworfen."
2174,56.9,56.9,43.1,"Avry FR","56,9 Prozent der Stimmbürgerinnen und Stimmbürger von Avry haben dem Dekret über die Erhöhung der Beteiligung des Staats Freiburg
an den Freiburgischen Verkehrsbetrieben zugestimmt."
2175,59.9,59.9,40.1,"Belfaux FR","Belfaux hat das Dekret über die Erhöhung der Beteiligung des Staats Freiburg am Aktienkapital der Freiburgischen Verkehrsbetriebe mit 59,9 Prozent angenommen."
2177,57,57,43,"Chénens FR","Mit 57 Prozent Ja hat sich Chénens für das Dekret über die Erhöhung der Beteiligung des Staats Freiburg am Aktienkapital der Freiburgischen Verkehrsbetriebe ausgesprochen."
2183,57.4,57.4,42.6,"Corminboeuf FR","Mit 57,4 Prozent Ja hat sich Corminboeuf für das Dekret über die Erhöhung der Beteiligung des Staats Freiburg am Aktienkapital der Freiburgischen Verkehrsbetriebe ausgesprochen."
2186,52.4,52.4,47.6,"Cottens FR","Mit 52,4 Prozent Ja hat sich Cottens FR für das Dekret über die Erhöhung der Beteiligung des Staats Freiburg am Aktienkapital der Freiburgischen Verkehrsbetriebe ausgesprochen."
2194,38.2,38.2,61.8,"Ferpicloz FR","Nein zum Dekret über die Erhöhung der Beteiligung des Staats Freiburg
am Aktienkapital der Freiburgischen Verkehrsbetriebe in Ferpicloz: 61,8 Prozent haben das Begehren abgelehnt."
2196,66.6,66.6,33.4,"Freiburg FR","Mit 66,6 Prozent Ja hat sich Freiburg für das Dekret über die Erhöhung der Beteiligung des Staats Freiburg am Aktienkapital der Freiburgischen Verkehrsbetriebe ausgesprochen."
2197,54,54,46,"Givisiez FR","Mit 54 Prozent Ja hat sich Givisiez für das Dekret über die Erhöhung der Beteiligung des Staats Freiburg am Aktienkapital der Freiburgischen Verkehrsbetriebe ausgesprochen."
2198,58.2,58.2,41.8,"Granges-Paccot FR","58,2 Prozent der Stimmbürgerinnen und Stimmbürger von Granges-Paccot haben dem Dekret über die Erhöhung der Beteiligung des Staats Freiburg
an den Freiburgischen Verkehrsbetrieben zugestimmt."
2200,56.4,56.4,43.6,"Grolley FR","Grolley hat das Dekret über die Erhöhung der Beteiligung des Staats Freiburg am Aktienkapital der Freiburgischen Verkehrsbetriebe mit 56,4 Prozent angenommen."
2206,62.5,62.5,37.5,"Marly FR","62,5 Prozent der Stimmbürgerinnen und Stimmbürger von Marly haben dem Dekret über die Erhöhung der Beteiligung des Staats Freiburg
an den Freiburgischen Verkehrsbetrieben zugestimmt."
2208,62.8,62.8,37.2,"Matran FR","Matran hat das Dekret über die Erhöhung der Beteiligung des Staats Freiburg am Aktienkapital der Freiburgischen Verkehrsbetriebe mit 62,8 Prozent angenommen."
2211,60.9,60.9,39.1,"Neyruz FR","Neyruz FR hat das Dekret über die Erhöhung der Beteiligung des Staats Freiburg am Aktienkapital der Freiburgischen Verkehrsbetriebe mit 60,9 Prozent angenommen."
2216,47,47,53,"Pierrafortscha FR","Das Dekret über die Erhöhung der Beteiligung des Staats Freiburg am Aktienkapital der Freiburgischen Verkehrsbetriebe ist in Pierrafortscha mit 35 zu 31 Stimmen abgelehnt worden."
2217,50.1,50.1,49.9,"Ponthaux FR","Ponthaux hat das Dekret über die Erhöhung der Beteiligung des Staats Freiburg am Aktienkapital der Freiburgischen Verkehrsbetriebe mit 50,1 Prozent angenommen."
2220,45.9,45.9,54.1,"Le Mouret FR","Le Mouret hat das Dekret über die Erhöhung der Beteiligung des Staats Freiburg am Aktienkapital der Freiburgischen Verkehrsbetriebe mit 54,1 Prozent abgelehnt."
2226,51.1,51.1,48.9,"Treyvaux FR","Mit 51,1 Prozent Ja hat sich Treyvaux für das Dekret über die Erhöhung der Beteiligung des Staats Freiburg am Aktienkapital der Freiburgischen Verkehrsbetriebe ausgesprochen."
2228,62.8,62.8,37.2,"Villars-sur-Glâne FR","62,8 Prozent der Stimmbürgerinnen und Stimmbürger von Villars-sur-Glâne haben dem Dekret über die Erhöhung der Beteiligung des Staats Freiburg
an den Freiburgischen Verkehrsbetrieben zugestimmt."
2230,34.3,34.3,65.7,"Villarsel-sur-Marly FR","Das Dekret über die Erhöhung der Beteiligung des Staats Freiburg am Aktienkapital der Freiburgischen Verkehrsbetriebe ist in Villarsel-sur-Marly mit 23 zu 12 Stimmen abgelehnt worden."
2233,51,51,49,"Hauterive FR","Mit 51 Prozent Ja hat sich Hauterive FR für das Dekret über die Erhöhung der Beteiligung des Staats Freiburg am Aktienkapital der Freiburgischen Verkehrsbetriebe ausgesprochen."
2234,59.1,59.1,40.9,"La Brillaz FR","Mit 59,1 Prozent Ja hat sich La Brillaz für das Dekret über die Erhöhung der Beteiligung des Staats Freiburg am Aktienkapital der Freiburgischen Verkehrsbetriebe ausgesprochen."
2235,56.1,56.1,43.9,"La Sonnaz FR","La Sonnaz hat das Dekret über die Erhöhung der Beteiligung des Staats Freiburg am Aktienkapital der Freiburgischen Verkehrsbetriebe mit 56,1 Prozent angenommen."
2236,52.8,52.8,47.2,"Gibloux FR","Mit 52,8 Prozent Ja hat sich Gibloux für das Dekret über die Erhöhung der Beteiligung des Staats Freiburg am Aktienkapital der Freiburgischen Verkehrsbetriebe ausgesprochen."
2237,51.8,51.8,48.2,"Prez FR","51,8 Prozent der Stimmbürgerinnen und Stimmbürger von Prez haben dem Dekret über die Erhöhung der Beteiligung des Staats Freiburg
an den Freiburgischen Verkehrsbetrieben zugestimmt."
2238,53.3,53.3,46.7,"Bois-d'Amont FR","Mit 53,3 Prozent Ja hat sich Bois-d'Amont für das Dekret über die Erhöhung der Beteiligung des Staats Freiburg am Aktienkapital der Freiburgischen Verkehrsbetriebe ausgesprochen."
2250,66.4,66.4,33.6,"Gurwolf FR","Gurwolf hat das Dekret über die Erhöhung der Beteiligung des Staats Freiburg am Aktienkapital der Freiburgischen Verkehrsbetriebe mit 66,4 Prozent angenommen."
2254,53.6,53.6,46.4,"Courtepin FR","53,6 Prozent der Stimmbürgerinnen und Stimmbürger von Courtepin haben dem Dekret über die Erhöhung der Beteiligung des Staats Freiburg
an den Freiburgischen Verkehrsbetrieben zugestimmt."
2257,59.3,59.3,40.7,"Cressier FR","Mit 59,3 Prozent Ja hat sich Cressier FR für das Dekret über die Erhöhung der Beteiligung des Staats Freiburg am Aktienkapital der Freiburgischen Verkehrsbetriebe ausgesprochen."
2258,61.7,61.7,38.3,"Fräschels FR","Fräschels hat das Dekret über die Erhöhung der Beteiligung des Staats Freiburg am Aktienkapital der Freiburgischen Verkehrsbetriebe mit 61,7 Prozent angenommen."
2261,60,60,40,"Greng FR","Das Dekret über die Erhöhung der Beteiligung des Staats Freiburg am Aktienkapital der Freiburgischen Verkehrsbetriebe ist in Greng angenommen worden: 48 Stimmberechtigte stimmten dafür, 32 lehnten sie ab."
2262,57.4,57.4,42.6,"Gurmels FR","57,4 Prozent der Stimmbürgerinnen und Stimmbürger von Gurmels haben dem Dekret über die Erhöhung der Beteiligung des Staats Freiburg
an den Freiburgischen Verkehrsbetrieben zugestimmt."
2265,63.4,63.4,36.6,"Kerzers FR","Kerzers hat das Dekret über die Erhöhung der Beteiligung des Staats Freiburg am Aktienkapital der Freiburgischen Verkehrsbetriebe mit 63,4 Prozent angenommen."
2266,53.9,53.9,46.1,"Kleinbösingen FR","Kleinbösingen hat das Dekret über die Erhöhung der Beteiligung des Staats Freiburg am Aktienkapital der Freiburgischen Verkehrsbetriebe mit 53,9 Prozent angenommen."
2271,70.4,70.4,29.6,"Merlach FR","Mit 70,4 Prozent Ja hat sich Merlach für das Dekret über die Erhöhung der Beteiligung des Staats Freiburg am Aktienkapital der Freiburgischen Verkehrsbetriebe ausgesprochen."
2272,52.1,52.1,47.9,"Misery-Courtion FR","52,1 Prozent der Stimmbürgerinnen und Stimmbürger von Misery-Courtion haben dem Dekret über die Erhöhung der Beteiligung des Staats Freiburg
an den Freiburgischen Verkehrsbetrieben zugestimmt."
2274,67.9,67.9,32.1,"Muntelier FR","67,9 Prozent der Stimmbürgerinnen und Stimmbürger von Muntelier haben dem Dekret über die Erhöhung der Beteiligung des Staats Freiburg
an den Freiburgischen Verkehrsbetrieben zugestimmt."
2275,64.1,64.1,35.9,"Murten FR","Murten hat das Dekret über die Erhöhung der Beteiligung des Staats Freiburg am Aktienkapital der Freiburgischen Verkehrsbetriebe mit 64,1 Prozent angenommen."
2276,56.4,56.4,43.6,"Ried bei Kerzers FR","Ried bei Kerzers hat das Dekret über die Erhöhung der Beteiligung des Staats Freiburg am Aktienkapital der Freiburgischen Verkehrsbetriebe mit 56,4 Prozent angenommen."
2278,61.4,61.4,38.6,"Ulmiz FR","Mit 61,4 Prozent Ja hat sich Ulmiz für das Dekret über die Erhöhung der Beteiligung des Staats Freiburg am Aktienkapital der Freiburgischen Verkehrsbetriebe ausgesprochen."
2284,66.1,66.1,33.9,"Mont-Vully FR","66,1 Prozent der Stimmbürgerinnen und Stimmbürger von Mont-Vully haben dem Dekret über die Erhöhung der Beteiligung des Staats Freiburg
an den Freiburgischen Verkehrsbetrieben zugestimmt."
2292,46.6,46.6,53.4,"Brünisried FR","Brünisried hat das Dekret über die Erhöhung der Beteiligung des Staats Freiburg am Aktienkapital der Freiburgischen Verkehrsbetriebe mit 53,4 Prozent abgelehnt."
2293,64.2,64.2,35.8,"Düdingen FR","Mit 64,2 Prozent Ja hat sich Düdingen für das Dekret über die Erhöhung der Beteiligung des Staats Freiburg am Aktienkapital der Freiburgischen Verkehrsbetriebe ausgesprochen."
2294,49.8,49.8,50.2,"Giffers FR","Keine Mehrheit für das Dekret über die Erhöhung der Beteiligung des Staats Freiburg am Aktienkapital der Freiburgischen Verkehrsbetriebe in Giffers. 50,2 Prozent haben die Vorlage verworfen."
2295,62.3,62.3,37.7,"Bösingen FR","62,3 Prozent der Stimmbürgerinnen und Stimmbürger von Bösingen haben dem Dekret über die Erhöhung der Beteiligung des Staats Freiburg
an den Freiburgischen Verkehrsbetrieben zugestimmt."
2296,62.2,62.2,37.8,"Heitenried FR","62,2 Prozent der Stimmbürgerinnen und Stimmbürger von Heitenried haben dem Dekret über die Erhöhung der Beteiligung des Staats Freiburg
an den Freiburgischen Verkehrsbetrieben zugestimmt."
2299,47.4,47.4,52.6,"Plaffeien FR","Keine Mehrheit für das Dekret über die Erhöhung der Beteiligung des Staats Freiburg am Aktienkapital der Freiburgischen Verkehrsbetriebe in Plaffeien. 52,6 Prozent haben die Vorlage verworfen."
2300,43.7,43.7,56.3,"Plasselb FR","Nein zum Dekret über die Erhöhung der Beteiligung des Staats Freiburg
am Aktienkapital der Freiburgischen Verkehrsbetriebe in Plasselb: 56,3 Prozent haben das Begehren abgelehnt."
2301,53.8,53.8,46.2,"Rechthalten FR","53,8 Prozent der Stimmbürgerinnen und Stimmbürger von Rechthalten haben dem Dekret über die Erhöhung der Beteiligung des Staats Freiburg
an den Freiburgischen Verkehrsbetrieben zugestimmt."
2303,44.2,44.2,55.8,"St. Silvester FR","St. Silvester hat das Dekret über die Erhöhung der Beteiligung des Staats Freiburg am Aktienkapital der Freiburgischen Verkehrsbetriebe mit 55,8 Prozent abgelehnt."
2304,59.6,59.6,40.4,"St. Ursen FR","Mit 59,6 Prozent Ja hat sich St. Ursen für das Dekret über die Erhöhung der Beteiligung des Staats Freiburg am Aktienkapital der Freiburgischen Verkehrsbetriebe ausgesprochen."
2305,61.9,61.9,38.1,"Schmitten FR","Mit 61,9 Prozent Ja hat sich Schmitten FR für das Dekret über die Erhöhung der Beteiligung des Staats Freiburg am Aktienkapital der Freiburgischen Verkehrsbetriebe ausgesprochen."
2306,59.3,59.3,40.7,"Tafers FR","59,3 Prozent der Stimmbürgerinnen und Stimmbürger von Tafers haben dem Dekret über die Erhöhung der Beteiligung des Staats Freiburg
an den Freiburgischen Verkehrsbetrieben zugestimmt."
2307,51.4,51.4,48.6,"Tentlingen FR","Mit 51,4 Prozent Ja hat sich Tentlingen für das Dekret über die Erhöhung der Beteiligung des Staats Freiburg am Aktienkapital der Freiburgischen Verkehrsbetriebe ausgesprochen."
2308,55.8,55.8,44.2,"Ueberstorf FR","55,8 Prozent der Stimmbürgerinnen und Stimmbürger von Ueberstorf haben dem Dekret über die Erhöhung der Beteiligung des Staats Freiburg
an den Freiburgischen Verkehrsbetrieben zugestimmt."
2309,61.4,61.4,38.6,"Wünnewil-Flamatt FR","Mit 61,4 Prozent Ja hat sich Wünnewil-Flamatt für das Dekret über die Erhöhung der Beteiligung des Staats Freiburg am Aktienkapital der Freiburgischen Verkehrsbetriebe ausgesprochen."
2321,66.7,66.7,33.3,"Attalens FR","Mit 66,7 Prozent Ja hat sich Attalens für das Dekret über die Erhöhung der Beteiligung des Staats Freiburg am Aktienkapital der Freiburgischen Verkehrsbetriebe ausgesprochen."
2323,64,64,36,"Bossonnens FR","Bossonnens hat das Dekret über die Erhöhung der Beteiligung des Staats Freiburg am Aktienkapital der Freiburgischen Verkehrsbetriebe mit 64 Prozent angenommen."
2325,59.1,59.1,40.9,"Châtel-Saint-Denis FR","Mit 59,1 Prozent Ja hat sich Châtel-Saint-Denis für das Dekret über die Erhöhung der Beteiligung des Staats Freiburg am Aktienkapital der Freiburgischen Verkehrsbetriebe ausgesprochen."
2328,69.2,69.2,30.8,"Granges (Veveyse) FR","69,2 Prozent der Stimmbürgerinnen und Stimmbürger von Granges (Veveyse) haben dem Dekret über die Erhöhung der Beteiligung des Staats Freiburg
an den Freiburgischen Verkehrsbetrieben zugestimmt."
2333,56.9,56.9,43.1,"Remaufens FR","56,9 Prozent der Stimmbürgerinnen und Stimmbürger von Remaufens haben dem Dekret über die Erhöhung der Beteiligung des Staats Freiburg
an den Freiburgischen Verkehrsbetrieben zugestimmt."
2335,55.3,55.3,44.7,"Saint-Martin FR","Mit 55,3 Prozent Ja hat sich Saint-Martin FR für das Dekret über die Erhöhung der Beteiligung des Staats Freiburg am Aktienkapital der Freiburgischen Verkehrsbetriebe ausgesprochen."
2336,47.2,47.2,52.8,"Semsales FR","Semsales hat das Dekret über die Erhöhung der Beteiligung des Staats Freiburg am Aktienkapital der Freiburgischen Verkehrsbetriebe mit 52,8 Prozent abgelehnt."
2337,57.9,57.9,42.1,"Le Flon FR","Le Flon hat das Dekret über die Erhöhung der Beteiligung des Staats Freiburg am Aktienkapital der Freiburgischen Verkehrsbetriebe mit 57,9 Prozent angenommen."
2338,49.6,49.6,50.4,"La Verrerie FR","Nein zum Dekret über die Erhöhung der Beteiligung des Staats Freiburg
am Aktienkapital der Freiburgischen Verkehrsbetriebe in La Verrerie: 50,4 Prozent haben das Begehren abgelehnt."
